0,我的意中人是个孤儿 终有一天他会转起来五杀，我猜中了前头，却没猜中他被vac了
1,开始的时候是需要的，后来就不需要了。
2,你在说什么？？ 我承认提莫唱歌是不错，可她觉得没有这种感觉，没有那种沉淀
3,[cp]“我的意中人是个盖世英雄 不求他脚踏七彩祥云 身披金甲战衣 只愿他一生自由 不戴金箍不像狗”
4,有这句话？
5,"可是我怎么会爱上一个我讨厌的人呢？
爱一个人需要理由吗？
不需要吗？
需要吗？
不需要吗？"
6,冯提莫是？
7,有些不知道该怎么去爱……本来好好的，怎么就成了现在的样子？或许自己还是不懂爱吧……只有不去爱，才不会受伤害。
8,没得冯提莫唱的好
9,2018年，五味杂陈
10,听几回难受几回，但是只是难受，脑子一片空白，快过年了，越来越空虚寂寞冷，希望你们不要这样，都能过下去，一辈子的过下去。
11,感情是相对的，自己也想想问题，不要主管，客观点，然后总结，然后失望。人生路漫漫，往前走，少回头，一个人又怎么样呢，自己挣钱养活自己，觉得孤独养只猫，就好了。[可爱]
12,四角恋完毕
13,一曲终了
14,你，你……
15,"你的意中人是个盖世垃圾
每天穿着拖鞋
去网吧吃鸡"
16,没能牵住她的手是我这一生中犯下最大的错，无论是在天涯海角还是近在眼前，她都是我心中最深的思念最深的痛。爱你雪霞
17,294 看到找我好嘛！
18,现在是2019.2.1    23：58分 就让这首歌陪我过度到我18岁生日吧  毕竟这首歌对我意义最大
19,对不起 我还是哭了
20,你的盖世英雄一定会踩着七彩祥云去娶你，我知道这个人不是我。别哭了，会好起来的
21,好像那个人忘了，也好像现在想起来还是会难受
22,希望以后还能是你 zss
23,宝贝老婆，我其实真的很爱你，很爱很爱。刚开始就像猴子不懂自己，其实他真的很爱紫霞。幸好，我不是猴子，我还能爱你，你也刚好还在。我会忍受你的小脾气，好好的宠你。MYJ，我爱你
24,你们这些小屁孩，都说听到什么什么歌就想哭，天天哪里那么多情了爱了苦了累了，像我听歌就从来都不敢开声音，专看你们评论[大哭]
25,去吧去吧去吧，加油呢，将来可不能背叛人家啊！
26,想听只有吉他的版本
27,狗[狗]，单身狗的狗[流泪][流泪]
28,真羡慕你还有机会
29,[难过]小祖宗 没关系 如果最后能在一起 晚点也没关系
30,[难过]小祖宗 没关系 如果最后能在一起 晚点也没关系 
31,高一时候，他转到我们班，成了我的同学，也成了我的初恋，然后他高三上班，我决心大学毕业后留在同一个城市工作然后结婚，一切看起来顺利又完美…去年我们恋爱两周年，他出轨了找了别人，我流产了…今年我们恋爱三周年，他后悔想回来了可依然微信聊着别人一切都回不去了我分手了💔大学等着我
32,谢罪
33,开始终结总是没变改 听着好难过
34,其实我没有拖延症，快递一拿到我就会拆，闹钟一响我就会按，零食一开我就会吃，你一出现我就会笑。
35,这啥破前奏?
36,富恒放弃爱恨
37,可惜
38,多巴胺
39,520别再点赞
40,还是影视版有感觉
41,相亲竟不可接近，或我应该相信是缘分💔
42,也就是他能唱出这死了老婆的悲凉了[大哭]
43,怎么可以 放弃呢那个你曾经最爱的人啊
44,也有可能是不甘心，但我们自己也分不清
45,我一生所爱的是什么，我还在寻找。
46,你说过。。。你最喜欢台词就是那一句。。。。你知不知道。。。那句话。。。我想对你说。。。。
47,加油侬
48,说一生未免太长，只是爱了很久，多想找个人代替你，可是夜夜失眠里，反反复复想的人还是你
49,哇！大佬    懂了
50,有时候无奈的抉择是多么的痛苦
51,无论重来多少次人生都是有遗憾的
52,加油
53,加油，嗷，兄弟，人生还长
54,那内个结局是你们两个都不能接受的  你还愿意嘛
55,我喜欢的人，身上有光，光而不耀，与光同尘
56,和我在一起
57,最可悲的是不知道喜欢谁，也不敢去喜欢别人，
58,还是想重来   不知道是不是因为爱情 
59,那年唐僧上马欲走，女儿国国王流着泪喊道：“下辈子娶我可好？”小时候，我以为女儿国这一难最简单。长大后，才知道女儿国这一难是最难的。小时候以为唐玄奘又躲过一劫，长大后才明白，他怕是错过了一生。
60,如果有天星爷也走了 我们的灵魂又该去哪漂泊呢，
61,我可以报名吗，我净身高162，体重124
62,开花
63,怎么可以放弃心里最爱的那个人啊
64,吉他编的漂亮
65,不是只有 伴奏 用个 pm am就是指弹， 指弹它只是个独奏 新型理念的代名词。所以你不知道他用用什么方式。有用了 转位和弦弹奏 以及将和弦里的和弦音 与和弦外音链接 ，把和弦旋律弹出来了  是有旋律线的，与其说是伴奏 不如说是 以吉他独奏的方式在伴奏。 而且确实有用一些 所谓“指弹的技巧”
66,看了很多遍，还是会心头一颤
67,我还是喜欢你。无论结局怎样
68,真的，这版听不出之前的深情，变得轻松释然了。
69,刘心如.我爱你💕
70,张雨茜 我好想你 曾经有一份真挚的爱情摆在我面子我没有珍惜到现在才后悔莫及
71,或许孟子说的对相濡以沫不如相忘于江湖。但我更认为应该是相望于江湖，只能远远观望不能靠近分毫。就这样相望的距离正好合适，可以瞒着所有人继续爱你。
72,自己都快要死了 还担心别人活得好不好。
73,爱一个人需要理由吗？
74,人并不是天生就喜欢熬夜，也不是天生就懂得动情，每个人的时间是有限的，能找到就行，找到在一起的理由，或者值得一个人生活的理由
75,看着别人的爱情，咀嚼自己的青春
76,却道天凉好个球。用四川话读
77,到头来  我不是孙悟空  也不是至尊宝   终究成了城墙下的那群人  看着别人的爱情  咀嚼自己的青春
78,我只希望以后的另一半能够喜欢这首歌
79,"女儿国国王望着唐僧痴痴地说:
你说四大皆空，却紧闭双眼；
要是你睁开眼睛看看我，
我不相信你两眼空空；
不敢睁眼看我，
还说什么四大皆空么
唐僧离去肘曾说：若有来生！"
80,想起以前的视频，柴静采访星爷，星爷最后说了一句，“谢谢你”瞬间泪目，周星驰永远是我们的记忆
81,兄弟，逝者已矣！安好！
82,这个版本唱得好苦
83,别吧，我不是至尊宝更不是孙悟空，我连你的手都未能握住，我可能是那只狗吧你
84,这么难听的语言
85,求网易先封你个永久
86,去吧
87,火钳刘明
88,紫霞喜欢至尊宝，至尊宝喜欢白晶晶，白晶晶喜欢齐天大圣，齐天大圣喜欢紫霞，你以为齐天大圣和至尊宝是一个人，但是他们相差了500年。一切都对，除了时间不对。
89,好的，谢谢你，我已经有答案了，谢谢，
90,我不是孙悟空，不是至尊宝，我是城墙下那一群人中的一个，观望着别人的爱情，咀嚼着自己的青春，活得像只狗
91,还犹豫就不要去打扰人家了
92,那是李修贤说星爷累的像条狗，
93,我一直在犹豫开学了要不要去她的学校找他，然后把她追回来，虽然昨天我们分手了，但是我这该死的心还是放不下她！有人看到了，就帮忙给我一点建议。
94,谁电影里敢
95,过去是我任性妄为，对不起，也谢谢你，我不会再重蹈覆辙
96,这是她最喜欢的歌，大话西游是她最喜欢的电影，她最喜欢的一句台词是：“我在你心里留下了一样东西。”，失去她之后，我对这些她喜欢的东西的理解才更深刻。熬过了431个想她的夜，终于知道什么叫从前现在过去了再不来，终于知道什么叫情人别后永远再不来。遇到太惊艳的人太早，从此世俗难入眼。
97,大话西游里孙悟空说：“我不戴紧箍救不了她，戴了紧箍爱不了她。一万年太久只争朝夕，一路走来才发现没有什么是永垂不朽。我们终于懂得曾经离我们一步之遥的人，一旦错过，之后哪怕化身绝世英雄，身披金甲战衣，脚踏七彩祥云，一跃八千里，也未必追的回来。
98,对不起啊，我现在才听懂这首歌，如果把你留下是我自私，可是我又真的舍不得你
99,我猜中了开头，确猜不中这结尾。我的爱太自私了
100,说的人是至尊宝
101,是孙悟空 不是至尊宝
102,是啊，但是有些人我宁愿不遇见
103,好的，已经看完了
104,周星驰说过这样一句话：“我拍了很多悲剧，但你们都说那是喜剧。”是啊，这世上有太多南辕北辙。好恶之于你我，不过是两岸灯火。就像你喜欢拈花浅笑，而我喜欢把酒度宵。你喜欢荒凉大漠的广浩，而我偏爱这入目成诗的枯槁。就像是，你生活且还如意，而谈及我时，我只说了一句“别问了，过得不好。” ​
105,但是你在哪啊
106,我一直都想... 我遇见你的时候 就只会知道经历的千万无委屈都是值得的 然后在你怀里大哭一场
107,他说，我会选择做那个不戴金箍的至尊宝，一辈子陪在你身边
108,多希望喝酒的时候 有人能拉着我的手 深情的说：少喝点 对身体不好 可是总是有个憋犊子在旁边喊着：你干哈呢 养鱼呐！ 干喽 ！干喽！
109,咱俩走到这一步是注定的 不可结缘也是你和我
110,戴上金箍无法爱你，摘了金箍无法救你。
111,500年都没结果，这是怎样的爱情！
112,没有   他只是把和弦里面的音给换了一种方式弹了出来
113,唉
114,这说明玄奘反射弧很长[奸笑]
115,原来不是怕你离开，是怕我离开
116,融入了指弹风格的 吉他伴奏，这个吉他手很有想法
117,眼
118,小时候，看了星爷的电影，是搞笑。长大了，是自嘲
119,大爱朱茵，她那俏皮眨眼，使我永远忘不了
120,不管是《大话西游》，还是《泰坦尼克号》，都见证了他们之间永恒的爱情。愿你们有情人终成眷属，永不分离。
121,中西融合感觉太好了吧
122,大话西游的结局可能就是现在爱情的结尾吧
123,就在今天我找到了自己的一生所爱
124,在城墙下转身就走，好像一条狗。
125,"-我一定是太想念晶晶了！
-是啊，昨天晚上你喊了晶晶98次。
-晶晶是我的娘子嘛～
-还有一个叫紫霞的，你喊了784次，784次，这个叫紫霞的一定欠你很多钱！！"
126,舒服
127,。。。已经过去了
128,"多庆幸以前的自己
到如今再听已是曲中人"
129,苦海～～～
130,分开的时候，我跟她说，从今而后，婚丧嫁娶，再无来往；生老病死，各安天命。不长的指甲都陷进了肉。多希望你会像以前一样，哭着跟我说，我们不分开了好不好。。。
131,这是一种自嘲，懂得人懂，不懂的还
132,说这些噶哈 我本来挺高兴的[汗][大哭]
133,嘲笑交警算么
134,求谱
135,自己浪死怪不了别人，和他之间也无再回首。今后的路各自走，你一定要好好的
136,谢谢
137,我要，这铁棒有何用！
138,谎言最后变成了心里话
139,我有故事，故事中有喜欢的人，只是，只是……真的你能猜中开头却不能猜中结尾啊
140,让我想起了曾经的自己，莫名鼻子一酸
141,我咋没有喜欢的人呢
142,我们都喜欢大话西游那会不会以后结局也会像电影里一样，后来真的是啊。
143,想到几年前一个很难过的瞬间：我和喜欢的女生聊天，她说不聊了我先吃饭了。我一怔，因为自己正一边打字，一边趁她回复的间隙胡乱吃口饭。那时候才觉得自己方寸大乱。她不过是在有条不紊的生活出现空档的时候，和我打发打发无聊罢了。而我用全部的时间去爱她，抽空才生活。
144,以前听歌是听个旋律，现在是听个味道。
145,喜欢又不能在一起
146,wzy 我放不下你 对不起
147,前奏好舒服呀！👄
148,要是有吉他独奏版就好了
149,但愿吧
150,还是自己太无能了！杨伊！我对不起你！没有能力娶你！对不起，对不起，对不起，对不起……😂😂😂😰😰😰😭😭😭😭😭😭😭
151,那一年，西梁女王在城墙上面对着文武百官似哭似笑，向着远去的唐玄奘说道:“御弟哥哥，如有来生，娶我可好？”玄奘愣了一下，接着又坚定的朝着西方走去。多年后，满脸褶皱却依然英气的玄奘坐在僧床上，一身死气，即将圆寂时，玄奘只面对众多弟子莫名其妙的说:“好！”，便没了呼吸。
152,兄弟，年份错了
153,杨伊！我爱你！一万年！
154,痛爱 让人悲哀 这世间难逃缘分
155,假如你是至尊宝，我会是谁呢？
156,小顾！！！！
157,紫霞喜欢至尊宝，至尊宝喜欢白晶晶，白晶晶喜欢齐天大圣，齐天大圣喜欢紫霞，你以为齐天大圣和至尊宝是一个人，但是他们相差了500年。一切都对，除了时间。
158,此情可待成追忆，只是当时已惘然。世上本无后悔药，只是人心放不下。看到你过的那么好，真好，往后余生，祝你幸福。
159,听了这首歌，才知道，你很有故事，你是多么喜欢她，你要等到她，你要幸福啊。
160,兄弟，怎么样了
161,富海~
162,天天卡牌 再听一遍QvQ
163,2019年，爸爸得了多发性骨髓瘤，22岁的我必须要撑起这个家，有一个一年多的女朋友，可是确不闻不问，后悔当初的掏心掏肺，拼了命的对她好，那么努力想给她一个家，愿熬过这段时间，好好生活，余生再也不碰爱情！
164,xgnb
165,可能在一起太久了吧，没有那么爱了吧，该放手了吧
166,兄弟别怕
167,星星太远了 远的遥不可及 可我又多盼望你是一颗星星
168,尘世太污秽，
169,什么都有啦，已经回不到过去啦
170,胡说，都122啦
171,这吉他弹的这段真好听啊
172,伴奏变了？
173,从来没有后悔过吧
174,"听到收音机里放歌，叫《一生所爱》。
我没有抽一口，烟灰全落在了裤子上。
我没有哭一声，眼泪全落在了衣服上。
电视机里有人再说，奇怪，那人好像一条狗耶。"
175,此情可待成追忆，只是当时已惘然。
176,追不追是一回事 追不追的回来是另一回事
177,评论最入人心
178,周星驰的大话西游电影，总给人笑声过后带着一种抓心的痛
179,有木有跟我一样，下载完，本地音乐没有的啊，我尝试好多遍了，谁有私信我
180,我的意中人是个盖世英雄 我知道 总有一天 他会在一个万众瞩目的情况下出现 身披金甲圣衣 脚踏七色云彩来娶我 这不是神经病 这是理想！
181,我的意中人是个盖世英雄 我知道有一天 他会身披金甲圣衣 脚踏七色云彩 来娶我 这不是神经病 这是理想！
182,只有卢冠廷才能唱出凄凉 内心空虚的声音.
183,我的意中人会脚踏疾风，头顶七级狗牌，一路E着小兵，身后带着一连串的问号，来到高地塔下送我300金
184,不见五陵豪杰墓，无花无酒锄作田。我喜欢这样的生活，请不要用男儿应有豪情壮志来说服我，因为现在喜欢平凡的生活。致那个青春岁月里踌躇满志的少年。和我的一生所爱共度一生。2018.1.28凌晨
185,我不知道前面说了什么，我这里只想想告诉你，苦海无涯，心安就好，适合你的不一定你喜欢，你喜欢的不一定喜欢你，感情是相对的，一定要想清楚这一点，人生路漫漫，往前走，少回头。
186,只有闲人忙着回忆过去，忙人不会想，她不喜欢你，为什么要回忆，只是一个人的胡思乱想罢了
187,结局总是不尽人意，人生也是一样
188,我一同学自杀了，也是抑郁症，好好爱他，祝福你
189,我觉得我喜欢你 我觉得有可能你也不讨厌我 可是我不知道我还能活多久 
190,我的勇气和你的勇气加起来，对付这个世界总够了吧?去向世界发出我们的声音，我一个人是不敢的，有了你，我就敢 。   ——王小波
191,许多年回头想 宁愿听不懂
192,煮鸡过来滴
193,时间线的收束[奸笑]
194,"“一万年太久了，别等那么久了，有什么事情马上就做。”
所以啊，别在回忆中匆匆走过这一生。"
195,"应该是
不搬砖头，怎么养你，搬了砖头，怎么抱你？"
196,乱世如麻不敢称军阀，太平盛世不敢好好爱你。
197,衣玥瑶，卧槽你大爷你他妈把我扔下了我这就找你去
198,救不下的顾君如 小学妹啊
199,谢谢你哦，谢谢。
200,天天卡牌
201,如果对方已经又有对象了  就不要去打扰了  放过自己才是最好的
202,这吉他前奏！我的妈呀！求谱子求谱子啊！
203,真的希望一生被他爱
204,我只希望我喜欢的那个抑郁症男孩不要突然消失，希望我能成为他的力量。
205,周星驰一辈子在讲爱和童话的故事，但他却不能踏入半步，从以前笑着看完电影，到现在电影笑着看到哭
206,追没？
207,感觉这版 一生所爱，是至尊宝唱的，而老版则是孙悟空唱的
208,这个吉他谱子，谁有这版本的，私信我，谢谢了。
209,女孩子才不是香香甜甜软软。女孩子不洗头发刘海马上变油。女孩子回到家衣服袜子乱丢。女孩子在浴室里对着镜子捏自己手臂上的肉。女孩子妒忌自己的朋友对别人比自己好。女孩子因为只有自己知道的理由而用词恶毒。女孩子变得不爱说话。女孩子开始讨厌这个世界。女孩子也讨厌自己。
210,回复@老牛耕田要吃草:每个人眼中都有不同的西游，不可否认
211,事总不如人愿
212,有生之年，带你去宁夏星爷拍大话西游的那个地方
213,我觉得喜欢没有什么  可怕的是 你自己嘴巴上说爱她到骨子里 却轻而易举的放弃她才可悲
214,昨天我生日，朋友问我收到最好的礼物是什么，我说是蚂蚁森林，我帮他收能量，他感谢的4g能量。
215,机智的小伙伴
216,我真的不知道啊  为什么这么多人和你有一样的经历   只不过买的东西不一样
217,祝福真羡慕你的毅力
218,我知道你最近在听这首歌  你也一定回关注这些评论  如果你看见了 我们就和好吧
219,别不理我  我相信你会看到的  每天都能梦到你  真的想你   不知道为什么就栽到你手里了   帅欣
220,还记得和她分手不久后我带了一个女同学回家玩，我进门之后我妈很期待的看着，结果进来的不是她我妈当时的那个眼神，失望透了的感觉
221,"你看那个人，好像一条狗，
跟我好像呢。。。"
222,就冲这个，一定要给你点赞的
223,他只是逍遥江湖的孙悟空，不是要来娶你的至尊宝
224,"那天我直的一批的男朋友和我说：
总有一天
我会身披金甲圣衣
脚踏七色云彩
来娶你
…狗命🙄"
225,别翻评论了 你也有故事 只是没说罢了
226,我和你拥抱着，只是衣物相碰，罢了
227,难逃命运
228,喜欢的第一首粤语歌
229,人生自是有情痴
230,"喜欢”这个词有的时候真的是让人很悲伤。

就比如，在喜欢你这件事上，我做过无数件听起来都很蠢的事情，可是听过许多的劝告，试过许多的方法，我却依然没有办法用一张冷脸来面对你，依然抑制不住想要见到你的心情，依然没有办法停止继续爱你。"
231,他还是牵了别人的手
232,如果有一天，让你心动的再也感动不了你，让你愤怒的再也激怒不了你让你悲伤的再也不能让你流泪，你便知道这时光，这生活给了你什么，你为了成长，付出了什么
233,心碎💔
234,看到最后一句我笑了
235,错过的人  再爱也绝不回头！
236,这首歌？？？？？
237,excuseme？刚从my heart will go on过来，底下有个评论，一样的语言一模一样的故事？圣代换成了水。他换成了她。
238,你再看一遍，至尊宝不是被白晶晶杀的
239,我觉得更是为了 照应前段紫霞说这里的一切都是她的 包括至尊宝（紫霞让他叫时他学过狗叫）
240,等啥啊
241,呵呵
242,那个人好像一条狗
243,爱情无需承诺，时间会说明一切，彭雨瑶，等我
244,以为已经放下，却没想忽然梦见，可能这只是美好的邂逅吧
245,她有男朋友了
246,看头像和背景图，是结婚了吗？兄弟
247,为什么要会聊天，又何必去撩妹呢，你说是吗，何必循着世俗观念去追寻爱情，如果，也许，你终会遇到那个与你对视一个眼神便足够的人。不出现，别将就。放弃那些撩妹对话的套路，放弃那些一见钟情却嚼之无味的女子，放弃那些物欲堆砌的关系，不可以吗，即使幻想就不能坚持吗。斯人若彩虹，遇上方知有
248,别，舔到最后一无所有，错过了就是错过了。爱情双方是平等的凭什么你等她。
249,從年少喋喋不休的訴苦抱怨，到如今沉默寡言的聽故事，這一年經歷的好多啊。
250,在我一生有两件幸运之事，一件事是时光将我对你的爱消磨殆尽，一件事是我遇到了你
251,一夜未眠，现在是凌晨七点，
252,肯定会的😉（星爷电影有营养知识我要去学习啦啦啦）
253,我呀，还是什么都不懂
254,我们 再一起去看一次大话西游好不好 
255,希望我以后的生活有你，也希望你以后没有我的生活会更好。
256,可万一别人已经不需要你踏足她说生活了呢
257,昂，把你自己照顾好，然后开心一点吧。以后一定要幸福
258,同城
259,你喜欢的那人，恰巧他不喜欢你。
260,你看他好像一条狗啊    
261,今天很冷，一个人躺在暖暖的被窝，刷着网易云，听每首歌之前是先点开评论，突然觉得很有安全感，晚安陌生人！🌙
262,"大家好
我来给大家表演一个黑化🌝🌔🌓🌒🌚
然后再来一个黄化
🌚🌘🌗🌖🌝
我的表演完毕，谢谢大家"
263,一杯酒一把琴一段琴一个你
264,感觉自己好傻 净想着让她开心 却不想如何让她喜欢
265,"一世等待
一念之间
一生所爱"
266,星爷的新电影你们会去支持吗？
267,还是大话西游里面的一生所爱经典
268,想起十三娘，鼻子一酸，这世间不配拥有你
269,你不是我17岁想错过的人  你应该是我67岁嫌弃却换不了的人
270,这个吉他真是巨难
271,“他69了，更有力量，更有资格谈一生”
272,不敢说一生  此时此刻  我又想你了   ZXY
273,是后悔是后悔
274,卢冠廷声线太适合这首歌了
275,今天我才知道前男友把我所有联系方式都拉黑了。对啊他要开始新生活的生活了，我也不要等他回头了
276,其实不打扰是你最后的温柔，其实你明白再也回不去了，只是你心有不甘不愿承认，放过自己吧
277,"“其实，你不是孙悟空也不是至尊宝，
你只是城墙下那群人中的一个，
观望着别人的爱情，
咀嚼着自己的青春，活的像条狗。 ”"
278,不公平啊，结婚不应该是有点喜欢才会结么？得不到的就不要想了吧！这样子怎么对得起陪在你身边几十年的枕边人呢[多多大哭]
279,不同的时间 不同的年龄 听这首歌有不同的感觉。从懵懂 到深爱 再到忠爱 如今满是回忆。我曾经问过我自己到底有多深爱我心里的那个人。现在想起来，原来 她的位置，谁都没有取代过。
280,嗯是该放弃了
281,喜欢了八年的女孩，刚在一起一个月，今晚就离我而去，说接受不了我的过去，我还该不该等她
282,"愿我是你人生最后一个过客
最后一个春天 最后一场雪 最后一次求生的战争"
283,关于我们，你遗憾吗[心碎]
284,不能听了，怕忍不住。
285,你们看到我的那个她了吗？  我找不到了，我把她弄丢了
286,初闻不识曲中意，再听已是曲中人
287,温柔几分
288,不异地挣钱，怎么娶你  ；异地挣钱，你却绿我。
289,不会放弃[爱心]
290,作为男生，不会聊天，不会撩妹，一聊天就没什么话题，很尴尬，但是内心非常想跟别人聊天，主动又不知道说什么，只有选择沉默，身边的朋友很少，但是待人很真实，对别人来说是老实巴交，追女孩没一次成功，现在还单身，却总喜欢在别人的故事里感受温暖，加油！自己，加油！这样的人
291,我坚信，每天脑海里想太多事并不是累赘，任何问题都可以去解决 但也有无法解决的问题，比如爱情
292,初闻不知曲中意，再闻已是曲中人
293,如何相信缘分，只有相信是缘分。
294,"发了个抖音 是两句话""愿意为了旧情舍弃新人，这世上大概没几个人""
前任评论了
他说  苦难翻起爱恨，世间难逃避苦难
所以..所以我才来听这首歌"
295,章口就来
296,紫霞喜欢至尊宝，至尊宝喜欢白晶晶，白晶晶喜欢齐天大圣，齐天大圣喜欢紫霞，你以为齐天大圣和至尊宝是一个人，但是他们相差了500年。一切都对，除了时间不对。
297,以前只把《大话西游》当喜剧看，现在再看却哭了
298,我祝福你😊
299,唱出了死老婆的感觉
300,人会说谎，但细节不会 爱你的人只会更爱你
301,在车里反复听这首歌，老婆也跟着静静的听，突然问我，结尾那句话对吗？我敷衍了事，不愿道破。有一天我不能保护你了，也许你才能明白。就像歌里唱的，我的固执你的幼稚，都成为历史，破的城市，平淡日子她要寻找生活的刺，生活是这样子
302,推荐大家冬日淡季，去感受一下。
303,大二那年寒假，去了镇北影视堡，冬日的影视城人很少，一个人站在里边，影视城的喇叭放着一生所爱，那种感觉，无法形容。
304,太无聊了
305,你们是否在找红云飞版的。我有啊。
306,以前看了周星驰的《大话西游》可以笑的没心没肺，现在看着看着不知不觉就流泪了，想要救紫霞就必须要打败牛魔王，想要打败牛魔王就必须要变成孙悟空，想要变成孙悟空就必须忘掉七情六欲，从此不能再有半点沾染。看似简单，难的就是那一转身。正何谓不戴金箍，如何救你。带了金箍，如何爱你！也就是现实
307,"紫青宝剑意中人，剑指喉间许一生。
心留一滴伤心泪，方知凡间情之深。
脚踏祥云来娶你，怎料金箍锁今生。
转身离去像条狗，来世不做负心人。"
308,你是魔鬼吗？？？？？？
309,喜欢星爷的电影还是卢先生这首经典一生所爱很久。思考再三跟我的朋友remix了一首 说唱  🙏希望大家可以进我主页听一下 感谢
310,"紫青宝剑意中人，剑指喉间许一生。
心留一滴伤心泪，方知凡间情之深。
脚踏祥云来娶你，怎料金箍锁今生。
转身离去像条狗，来世不做负心人。"
311,人间苦海 唯情最苦 想做一条狗 心里都藏着酸[心碎]
312,我总会在下雨时想起她，下雪时想起你，深夜时想起你们
313,有的歌果然是不能多听的。提神。
314,2013 我“死”在了这一年。
315,一个晚上突然想到搜，之前没听过几次，这次一开头听到声音眼眶就湿了，你看那个人，好像一条狗啊。
316,吉他编曲很棒，其实不太喜欢卢的音色但真的感动了
317,我还是放不下，对不起要是有150个赞我一定就去追她回来这是种仪式感
318,只有我自己放过自己，才会真正的放下你。还是很想你。
319,诶*罒▽罒*
320,最好的爱情就是，就算我们分开了，我对你也永远没有埋怨。但我不会再靠近了。如果你有求于我，我依然会鞠躬尽瘁。从今往后我会把这份过了期限的爱藏起来，不再招摇过市了，我会努力过得好，希望你也是。
321,lpy，我很多次以为我已经勇敢地忘掉你，但每一次看到你最近的照片，我跳到爆炸心脏总是一次又一次戳破我自以为是的谎言。不知道你是否还记得我曾说过，我爱每次见到你时，血液流过全身细胞般地重生。我终于还是骗不了自己，你也不知道我究竟有多爱你。
322,人非草木
323,你的管床护士
324,能不能有一个释怀的期限
325,失去了，才知道自己错的太离谱。有的事，我们错了，受罚了，弥补了，也许有机会重新来过。可有的事有的人，一旦错过了，那就真的没了。不失去，不错过，又怎么明白这些道理。在失去她的时候，我竟立下毒誓，“以身承苦，向天罚罪”。是啊，我多爱她，可我错了就是错了，又有什么好讲的呢
326,到头来是有缘无分
327,我不是害怕，也不是想跑，假如还有一点希望，我也不会放弃喜欢他，一点都不会，可要是因为我的喜欢，我让他为难让他伤心了，那我宁愿离开他，我为他做的一切，一切，我只是希望，他能成为想成为的人。所以我，所以我又怎么能去找他呢……
328,去吧。别错过了
329,[多多大哭]
330,贺群我爱你
331,星爷我欠你一张电影票
332,人间苦海，唯情最苦，世间众生，难逃苦海，不求躲避，只求不沉。
333,今天遇到一个护士，我看到她的第一眼，我才明白原来这就是......
334,就是他了，我记得在哪里看到，就他能唱出si lao po的感觉
335,走程序还是直接开花
336,以前看的是喜剧只会笑，随着年龄心境的不同，才明白这条狗有多无奈多迫不得已，这是喜剧吗？这是悲伤到不能再悲伤的悲剧了。
337,我看到儿子愣了愣说:喜欢吧的时候眼泪喷涌而出，为什么啊我今年才18啊
338,"断得掉是联系，断不掉的是思念
如若不能爱你，我可以一直想你"
339,跟你道别的日子越来越近了，没错，就是2月28日，再见了，我最爱的人！
340,快去啊！
341,"所有的灯都关闭，月光从窗户洒进来，给蹬了若干次的身边的他再次盖好被子
往事再见
也预祝你新婚快乐，早生贵子"
342,你真幸运！还能联系到她，还知道她在哪里，她还没结婚。
343,"小时候看过大话西游
看不懂
现在不敢看
看过以后有是一场撕心裂肺"
344,如果在爱情和友情之间你们会选择哪一个   我先选择了友情
345,周星驰的影片，演的是他自己的人生。基本对白等素材都来自于生活……
346,突然想起来那个人好像要结婚了，这些天我竟然忘了这样一件事，真是可笑
347,你看那人好像一条狗啊
348,戏说不是胡说，改编不是乱编
349,凤凰台上凤凰游，凤去台空江自流。
350,加油，别让自己后悔
351,懂了
352,"从一开始就没有跟着内心的想法去走
以至于总是自己与自己争执
慢慢的给自己制造越来越多的烦恼与不甘
即使告诉自己随他去吧，我也只活一次
却无法像他们一样活的豁达开朗
告诉自己心里有数就可以
为什么说出来去揭穿
长此以往的结果就是变的沉默寡言
话到嘴边又收了回去
害怕伤害坐在对面的那些人
然后"
353,生命中，总有些人不再爱你了，他们不离开，你怎么长大；你长大了，也会离开一些人，因为你看到的更远了。珍惜现在，感恩离开。
354,去吧
355,别留遗憾
356,"爱情为何¿
爱情为责任
青春为何¿
青春为成长
有了责任才能成长
有了爱情才为青春"
357,怎能料到尸家重地的那个人居然唱进了我的心里
358,珍惜还能爱你的人
359,不是，是之前星爷跑龙套，舔导演，夸导演，导演给旁边的人说他好像条狗，被星爷听到了，一直没有忘。拍这个的时候，就为了照应星爷曾经，有人说他好像一条狗
360,去吧别留遗憾了
361,爱的人不爱，不爱的人更爱
362,怨只怨人在风中，聚散皆不由我
363,"我不是孙悟空，也不是至尊宝
终究成了城墙底下的那群人
看着别人的爱情，回味着自己的青春"
364,今天又再次听到这个歌，心境变了。是啊从前现在过去了再不来，好多事情都想要重来，这样就能够挽回那些后悔的事，却又无法重来  ，一生所爱
365,没猜中开头，却料到了结局，你就是你我
366,想去就去，怂什么
367,不爱你，不度生。
368,法海弹吉他
369,我也高三，今年我希望能好好考个大学，去找在等我找我的人
370,珍惜眼前人
371,加油加油啊
372,刷完电影 来听一下
373,爱我的我爱的那个人给我买了一只小狗，说让它代替自己来陪我，其实我早就知道结局，可是还是义无反顾的爱上，无数次看到狗狗那一刻，心中的无奈和想念只有自己知道，好想放手，但是好难
374,昨天重温一遍发现，发现至尊宝一开始爱的是晶晶，结果在寻找晶晶的路上，最后爱上了的紫霞。可惜自尊宝发现的时候，他已经被晶晶杀了，是灵魂状态，然后变成孙悟空去救紫霞，还要装作不认识紫霞
375,还是喜欢这首[流感]
376,愿漂泊的人都有酒喝，愿孤独的人都会唱歌。愿相爱的人都有未来，愿等待的人都有回答。
377,活该你被甩
378,很难描述此时的心情……我爱着的你，晚安了
379,在世间难逃命运
380,我要到梦里去找你了，晚安。
381,他很喜欢看这部电影 不知道看了多少遍 今天也重温了吧
382,他很喜欢看这部电影
383,好事坏事总归是往事
384,按照套路不是应该那啥樱啥也来回一句逃不开吗？
385,相爱为什么要分开
386,你就这样看似波澜不惊闯进我的生活 你不知道我心里有多大的波澜
387,怎么下载不到我的音乐
388,"突然回想起来
那个男孩
如果不是在18的时候
第一次见面看到他眼神里
满满的爱，那也许也不会
陷那么深
☺"
389,失去了她等于失去了全世界？
390,留。
391,痛哭
392,若是能早些遇见他就好了
393,谁都不愿意就此虚度一生，有时想的就是，明天吧，晚一点，等一会，这一会怎么就从天真无邪的16岁，变成圆滑的19岁老油条
394,我喜欢莱阳卫生学校影像15级的张夏，很喜欢很喜欢的那种
395,越听越有韵味
396,啊啊这个版本好好听呀
397,追回来了吗
398,明知酒后笑无颜，却道此生有今欢。
399,谢谢你们！
400,覆水难收，。
401,一路走来失去了很多也成长很多
402,因为梦里和你狠狠拥抱了，就没什么不好的。昨晚夜里忍了那么久，终于可以不用忍了，身边没有人。很疼，很疼。走了。
403,"那天晚上看朋友在朋友圈分享了这首歌  就打开网易云听了

我真正的体会到了什么是  听歌前一秒是笑的后一秒突然没了笑容的这种感觉

珍惜眼前人   余生很长   提前祝大家新年快乐 "
404,这就是缘分 这就是命运
405,幼稚吗？去找了起码不会留遗憾.不去找就注定是遗憾.！
406,一颗朱砂痣，一抹白月光
407,一生所爱
408,在写作业 前奏一响以为手机铃声响了 18用了1年的来电铃声 一生所爱四个字很简单 做到一生所爱太难了 我也不是不爱了我就是不想那么悲观了。——1.21
409,人活着，心累了。25岁的肉体被52岁的灵魂支配着
410,给的是感动，不是爱
411,(¦3ꇤ[▓▓]
412,我死在了初中毕业那天，可我还活着，总感觉少了什么的活着
413,你就是你，独一无二，一生所爱。
414,你穿婚纱的样子，是我6年来见过的最美丽的样子
415,哈哈哈哈，真的是不好意思，没办法给你穿上婚纱
416,今晚  我失去她了！
417,"30岁 也好 40岁 也罢
人最怕遇见 遇见人和事儿
让你改变惯性思维
打开自己
放佛30岁 就是个年迈的老人
对于生理年纪 大家并不觉得什么
但 唯有自己遇到 才会体味不同
我现在终于相信 心理年纪 完全是可以和生理年纪分开的
今年很想资助一个小朋友读书
至少在我能有自己宝宝之前
很想这么做
工作的原因 "
418,哈哈哈  八年啦   你还未嫁 我可等着看你穿婚纱的样子呢
419,一直以来，都活的像只狗
420,一个朋友非要和我连麦看这个，第一次看，虽说是喜剧，但还是哭了，哈哈
421,今天第一次看的眼泪掉下来，大概是真的知道你彻底的回不来了，想放下，难！我就是个懦夫，也不知道现在的那个他对你好吗？如果你想回来，我会一直等你！
422,人和人本就不一样
423,没有吧
424,人的一生就是失散
425,"刚刚看完电影之前看不懂
现在看懂了好难受
我又想你了虽然半年没有说话了
但我还想说
我爱你"
426,你说让我听你最爱的歌   你说和我分开后   你懂得了歌的含义   第一次听你爱的歌   7年   希望你一切都好    
427,孙悟空爱的是白晶晶 通过月光宝盒变成了至尊宝去找白晶晶想救白晶晶 在紫霞仙子没在他心里留下一滴泪时 至尊宝孙悟空爱的都是白晶晶 但是在至尊宝要和白晶晶结婚前 白晶晶进到至尊宝心里发现紫霞仙子的那滴泪并且给了至尊宝一封信 至尊宝才发现自己最爱的是紫霞仙子 泪崩 电影怎么可以拍的这好
428,放下真的好难
429,要去梦里见你啦  晚安
430,安好[拜]
431,晚安，我心动的人
432,那么有缘分？
433,我不会忘记她的
434,在呀……因为当时风主要是一个方向的，所以伞还真的不要紧。而且也没让伞面绷紧。
435,"本以为自己是个盖世英雄，
殊不知自己就是一个垃圾。
有了七彩祥云后，
自己就做了别人的齐天大圣。最后落个两头空[皱眉]"
436,自卑和取得什么样的成绩无关！而是自我评价与肯定！
437,希望他的生活如你说的那般！
438,由题目的第二句话和第三句话，可以得出女的在男的偷偷说都出石头的时候，就已经知道男的的打算了，所以自己才出的布。如果这个段子是想表达女的贪生怕死的意思，那就不要出第二句和第三句，因为这就不是一道合格严谨的题目了。
439,初看觉得是喜剧！再看觉得是悲剧！有同感的点赞！
440,不知道为什么第一次觉得有些地方伴奏有点多余
441,刚好一百个赞了！我再给你添上一个！去吧！别怂！别后悔一辈子
442,就问你雨伞的伞头还在吗？[大哭]
443,朱茵说星爷太花心，星爷至今未娶证明
444,淘票票上看到说星爷卖情怀的好难过😫
445,周静雯我喜欢你
446,大话西游
447,这辈子，如果能不再错过。
448,告诉你妈！！！老子有房子了！！！不是租的！！！！
449,抓奶龙爪手[公鸡]
450,也许爱到深处是放手
451,不知不觉我认识你143天了，起初觉得没什么，到后来你对我特别好，我[多多大笑]挺感动的，之后发现你对班上认识的女孩都挺好，我心里挺不是滋味，但你对我又比她们更好一点……这种朋友之上，恋人未满的关系让我患得患失。我发现你有喜欢的人，一年多了，你始终放不下她，希望终有一天，你会追到她……
452,我像条狗一样
453,自信不是钱给的，你不懂
454,什么电影
455,wuli小彬 哈哈哈[大哭]
456,我为了爱情去给她寻找面包，在寻找面包路上，她告诉我她要的是爱情，我明白了，他要的不是我陪在身边的爱情，是别人的爱情！
457,有些人有些事 错过之后真的就会越来越远 过去的 不留恋
458,昨晚梦魇梦到的人 今早起床给我分享了这首歌。你好像很爱我 又好像从不爱我。
459,昨晚坐滴回来 司机简单的问了几句 可能是看到了我对着手机苦笑 然后他没说话悄悄的放了首一生所爱
460,我想把她追回来
461,她结婚了
462,祝自己生日快乐吧
463,"Z
只有卢冠廷才能唱出来这种感觉"
464,"你睡着了，还说了梦话
我失眠了，在听着歌"
465,世事无常，总有些事无能为力，比如有缘无份
466,人在爱欲中，独来独往，独生独死，苦乐自当，无有代者。
467,气息好稳
468,苦海翻起愛恨。
469,"此去经年路途遥远
一别两宽不再相见"
470,我喜欢孙悟空，大圣是信仰，仅仅是正能量的大圣，就这样
471,不应该啊，怎么才有1w+
472,要评论请去别的地方
473,我没有七彩云，也没有月光宝盒！我愿意开始新的一段感情，不要钱不要房只要命。
474,谁是你一生最爱的人，很简单，半生后听这首歌时出现脑海里最多次数的那个人就是！
475,你我摸爬滚打许多年，你知道我的喜欢，我明白你的敷衍不情愿
476,"2019.1.19
很久都没有认真看月亮，赣州的月亮终于出来了，静静的看了五分钟，即使有时乌云遮住了月亮，但依旧很美，真希望乌云后面有驾从上海飞赣州的飞机，里边乘客其中有个是你，不顾命运的安排，来找我，嫁给我。大傻
我是二狗坤"
477,"一辈子太短  想做什么事情就马上去做  永远不知道下一秒会发生什么 要珍惜所拥有的所有时间 不留遗憾 尝尽人间烟火
愿心中所想可圆满   愿不负此生所有遇见"
478,唉
479,"那个陪伴我整个青春的人儿啊,才知道你才是我的一生所爱想好了,每年过生日我都会去向你表白,如果你拒绝,我就等你结婚再恋爱,我怕你回头找不见我"
480,范恺晨 我不喜欢你了 看完两部终于对你说出口
481,跟难念的经两首歌怕是再也写不出来了
482,封面一个老司机的笑容
483,粥大爷的歌需要你这个评论，二十岁的某一天
484,嗯
485,每个人都有喜欢的风格吧
486,"二十岁的某一天，
从重庆来到长沙，
我的身边没有他😔"
487,我是在意林上看到了你的评论
488,佟皓一生所爱
489,一曲相思，一壶酒；一生所爱，一场空。向往事讨一杯相思喝，无言独坐放眼尘世外。
490,一生所爱  没有爱人
491,人长大是多么奇怪的事情，当年当做喜剧片看的，笑得前俯后仰，现在看来却一点也笑不出来。
492,"我一直以为一个人的执念一定要遇见一个人  遇到一件事 才能够放下
现在我明白，放下执念只不过是一瞬间的事，就像你突然听了一首歌；突然停了下来。
敏，我不会再为了你口中了不起的他而拼命了，我只是为了自己能够更好，也希望你能更好。"
493,孙悟空早就死了，他并没有真正的爱过谁，后来的孙悟空只是带上了金箍，主观上放弃情欲的至尊宝。
494,白晶晶爱的是五百年前已经死去的孙悟空，至尊宝爱五百年后的白晶晶，至尊宝更爱五百年前的紫霞仙子。但至尊宝不能承认这份爱，大多数情况下，和你在一起的人并不是你最爱的人，但你得努力的表现出她就是你最爱的人。
495,理解不了吧
496,加油！
497,这是唯一一首每次听了都会难过的歌，他说。
498,真的假的
499,过程有时候比结果更好
500,已经不在了、死了心吧
501,谢了兄弟！
502,您这一句苦海，提醒我应该还情债了。
503,不多求什么，遇见你就挺好
504,愿幸福与你同行
505,人生如逆旅，我亦是行人，来往匆匆，已无一生所爱
506,单身狗
507,爱恨随风，往事难忘
508,不戴金箍，如何救你；戴了金箍，如何爱你。
509,"一年四季想陪你度过
世间琐事都想与你做
此生也只想同你尝尽烟火
——致我的一生所爱:向冰雪"
510,男朋友手机铃声是这首歌，这意味着什么呢？
511,他离开了，没有任何思念了
512,kuh难求
513,我害怕
514,我能说唱的挺难听的么[呆]
515,你的意中人是个盖世亚索 有一天他会EQ二连 闪现接R越塔来取你的狗命[亲]
516,谁不曾有过大闹天空的勇气，如多数人却没有那个本领。谁没有在青春的遇见过心疼的人，你却无知的看不到自己心。当你长大了心里也会想曾几何时，你也跟至尊宝一样，只有离开以后才总明白， 那一滴眼泪。 追悔
517,"以前的我总觉得喜欢就要在一起
后来我知道喜欢不一定要在一起
也明白不能和喜欢的人在一起是人生常态"
518,曾经年少不懂爱，而今懂爱已非少年❤️
519,复制粘贴好玩吗？ 浪费别人感情？  原作者在My Heart Will Go On热评第一 大家自己去看
520,说朱茵的是真爱粉么，麻烦去百度一下罗慧娟好么
521,告诉你妈 我有房子了
522,用卢老爷的经典之作remix了一首说唱，喜欢说唱的朋友可以听一下 🙈请求指点
523,你为什么不是神评
524,“早晚有一天，你也会像他一样，走在路上，像一条狗”。是的，我在车里哭了，像条狗。
525,他说自己做了一个梦，梦见一个小孩拿箭射他，他就把那个小孩打了一顿，打完那就问小孩叫什么名字，那个小孩说他叫丘比特。所以他至今单身，那个他就是我[大哭][大哭][大哭]
526,如果上天能给我再一次的机会
527,有些事我都忘了 没想到你还记得
528,我这辈子，算是忘不掉你培培了
529,我是不是成熟太早了 小时候我看着哭了，而别人都在笑。  现在我在看 面带笑容的流着泪 而你们却又说这是悲伤片。呵呵 我只是无能为力自己的情而已 你们以为我在看电影吗
530,当你不在的这个世界里  我还活着。很想你，很想很想。。。却只能是在深夜里听着歌流泪到天明。。。
531,真的是心酸到想哭
532,剪刀手刘德华
533,喝醉了[大哭][大哭][大哭][大哭]
534,放不下就去找，放得下就忘掉。
535,谢谢，你当年的一巴掌，让我现在更抑郁了[心碎]
536,能力越大，责任变越大
537,刚看完柴静采访星爷
538,有很多人以为星爷最怀念的是罗慧娟，我感觉是这样的:星爷在遇见朱茵的时候，还没有从罗慧娟的回忆里走出来，而当朱茵嫁人后，慢慢的星爷才知道自己最爱谁，然后看透了，直到现在，再也没有过伴侣
539,他好像一条狗。
540,5年前的我觉得这是搞笑片，现在我只会落泪
541,大概是性格习惯为人处事方式和他周围的人格格不入咳瞎猜测的
542,讨厌现在的自己，用技巧活出来的生活不值得珍惜，陶醉，活的真一些，真一些
543,你真像条狗🐶 还不如这个emoji好看
544,在世间，难逃避命运⋯
545,你未娶我未嫁 你是我这辈子第一次的勇敢
546,加油！兄弟
547,这里竟然没有开花的评论
548,你们这样是要向本国人民谢罪的
549,"昨天在食堂吃旋转小火锅时
正在放你喜欢的 一生所爱
我激动的跟食堂经理说了声谢谢
然后食堂就单曲循环了[吐舌][吐舌][吐舌]
希望下次去吃时
他能认出我来
哈哈哈哈哈  开心"
550,不戴金箍，如何救你；戴了金箍，如何爱你。
551,也许错过那个人过后 全是错爱吧
552,我爱的人去了远方，再也没有回来
553,一生所爱
554,我爱的人和爱我的人一起幸福
555,一个人要好好的啊
556,谢谢，刚知道，她，已经有对象了。谢谢你们的支持，我想我可能已经没有再去找她的勇气了
557,有人说卢冠廷40岁唱出了无奈，60岁唱出了坦然
558,@网易云音乐 电影原声带能放上来吗。[呆][呆]
559,我们在人海中浮浮沉沉，一世大概只能见这两面吧，我却如此不懂珍惜
560,喜欢一个大五岁的女孩，哎
561,因为太爱你 为了救你  带上了紧箍
562,一个人连自己都不爱怎么爱别人，一个爱上自己的人又怎么会爱别人
563,没有
564,吉他有点骚哦
565,谢谢你啊
566,在结婚的那一刻 就已经死了 或者 是十五岁
567,反而我自己感觉也有些东西有些人 失去以后才会懂得珍惜 也有些人 是在失去以后才认知对方  最后孙悟空吻了紫霞 尽管是进入了另一个人的身体 但它没有给自己留遗憾吧 尽管没有在一起 它也不会再给自己留遗憾 不会再逃避 再骗自己   也恨这情世人缘来回以晚 
568,凌晨两点醒来还是会想起
569,王梦媛
570,用一生去证明，问世间情是何物。
571,6岁那年，我错过了你；12岁那年，我以为你是喜剧；18岁那年，我以为你是爱情；26岁，我才知道，这是生活，是命；很多时候，都想指着自己的背影，说上一句：那个人好像一条狗诶！
572,这首歌只有卢冠廷能把你唱死了。
573,爱她 曾经爱 如今爱情被自己葬送 自己性格怪 不知道珍惜  我是个渣男 对不起了 wty    你是我的初恋 我爱你 以后若有缘分 再续咱们的孽缘  感谢 爱过 对不起 。
574,多的不会说，安好兄弟！
575,想一辈子都听不懂这个歌                                  今年你26了 你可以不跟她结婚嘛？                放不下那七年 放不下十七岁                            把遇到的人都当成你来对待 但是都不是你
576,120斤一米六的真的不能算胖啊[汗]
577,如果ta叫什么你都不敢说出来 1000个赞你也敢去
578,你曾问我眼中的大话西游表达的是什么，我说珍惜眼前人。可没说出口的是我爱你，却得不到你。[心碎]
579,大话西游里孙悟空说 我不戴紧箍 救不了她 戴了紧箍 爱不了她 大话西游时 周星驰对朱茵说 爱你一万年 可是两年后就分开了 十多年后他说 一万年太久 只争朝夕 一路而来 也许我们都应该面对现实 也许感情只是需要一个合适的陪伴 一路走来 才发现没有什么是永垂不变 我们才终于懂得 曾经离我们一步之遥的人
580,或许你现在宠的祖宗，在未来就是别人的祖宗。没有谁是永远的，该走的终究会走，谁还能确定谁是一辈子呢？哈哈哈！
581,世上哪有那么多一见钟情，我曾想过拼时间，最后却败给了时间
582,我是一个最厉害的骗子，我连自己都骗到，但是，遇到你之后，我愿意活成最真实的样子，做好求而不得的准备，就算结局不美好，也不准备忘记，不抹杀，不否认，保留你的一切痕迹。。
583,一万年确实太久了，所以就别等那么久了……
584,爱了就要一直爱下去了
585,我想问一下为什么喜欢至尊宝的都是渣男
586,2019第一个评论
587,什么都对  除了时间
588,刚又看了大话西游
589,爱情和面包，你又能怎样选择。
590,时间慢些吧 星爷
591,能追回来就一定不要放手，一旦错过就真的没有了
592,无知才会无惧，当我尝试世间的七情六欲后，开始做什么都害怕了，有时候又想想我什么都没有为什么会害怕，真是可笑
593,额，我知道啊
594,以前看大话西游，看不懂，然后再看大话西游，笑死了，现在看大话西游，哭了。
595,怎么可能懂？
596,孤独不是你做事没有人陪伴，而是你做事没有人理解。
597,读完了
598,我居然不懂爱情唉
599,要怎样度过这一生？和谁？
600,文体两开花
601,别靠别人，别留遗憾。
602,一直和别人说讲缘分，还不是因为自己太怂，没主动追求别人的勇气
603,如果爱别人胜过爱自己是一种伪善，那我，本性难移。
604,wmy  我 还是放不下你 如果有100个人支持我，我周日就坐飞机去把你追回来
605,改编不乱编
606,十年前，我有一部能存200条短信的手机，每当存满了，我总要精挑细选，删掉我的，留住最珍贵，我那时多么想要一台能存500条短信的手机。现在，我有了一部能存无数条短信的手机，却再也没有一个能陪我200条短信的人了。
607,初听不知曲中意，在听已是曲中人。
608,"别忘了,紫霞是如来佛长明灯里的灯芯,她与至尊宝的相识又何尝不是佛祖的安排呢.一切都是命里的劫数,躲不掉,逃不脱,能做的只有珍惜眼前人而已."
609,我选择了成佛之时，本以为我可以放下前世，但今生我却无论如何都无法成佛，因为到处都是你的影子啊！
610,你想让星爷也把头发都剃了?
611,噗╮(￣▽￣)╭，“相亲”每次听起来都像三藏
612,是不是都不想醒
613,昨晚梦到她去我家找我了，多美好啊。哈哈哈哈哈哈哈哈哈哈
614,这是你最喜欢的歌   后来 没有七彩祥云 也没有金甲圣衣  也没有你了。
615,"以前跟他打游戏 他很喜欢玩孙悟空 所以买了个至尊宝 天天在峡谷里带我飞 后来有一天瞒着他偷偷买了紫霞仙子的皮肤 然后叫他打游戏 在他选定孙悟空的时候 我才选了紫霞。他那个时候很惊讶地问我:“什么时候买的?”
后来分手之后，我很久没有再上过游戏，今天上去看了一下历史战绩，泣不成声。"
616,真幸福
617,ymm，我爱你。
618,终是悟空弃了佛，负了紫霞入了魔
619,是紫霞留的眼泪
620,上一次听是准备去表白，这一次我终于还是失去了那个一见倾心的女生，不是我太笨，只是不敢相信缘分是让我明白有些事最怕无能为力
621,两开花？
622,爵士味
623,你看那个人像只狗
624,爱自己，结果是好的
625,真的是再也没有心动的感觉
626,但是他永远自嘲
627,自己
628,在呀(*'▽'*)♪
629,活了二十多年竟不知道爱谁了
630,有的人说长大以后才明白大话西游里面的那个转身有多难，也只有长大以后才明白白晶晶看到至尊宝心里那一滴眼泪时的放手有多难
631,唉
632,你们还在一起吗
633,希望你是个编故事的烂人，而不是用情致疾的好人
634,哥们，能别这么真实吗
635,小姑娘喜欢小伙子，喜欢小姑娘的是大叔，少妇喜欢的是大叔，喜欢少妇的是小伙子。你以为是同一个人，其实时机不对两个人也会错过。
636,自以为朋友天下，到现在觉得一个人挺好
637,你可以因为喜欢一个人卑微尘埃里，但是没有人会喜欢尘埃里的你。
638,哇哇哇，我想听摩登兄弟，赵俊，康树龙………………可以把歌唱到撕心裂肺的歌手，那一定很棒[晕][晕][晕][晕]
639,再也没有心动的感觉……
640,到头来，我不是孙悟空，也不是至尊宝，终究成了城墙下的那群人，看着别人的爱情，咀嚼自己的青春，活着像条狗
641,意中人
642,我将要去向何方，脚下蜿蜒曲折的路可有尽头？
643,谢了老弟
644,你是我前二十年来唯一的挚爱啊      当初说不离开也不许我离开的是你  现在要走的也是你 甚至我在你心里可能从来都不是最特殊的那个人         月老的红线太容易断了 下辈子我想换钢丝
645,会好起来的，愿一切顺利。
646,还有梦想！
647,你不是孙悟空，也不是至尊宝。你只是那城墙下人群当中一个羡慕别人的爱情拒绝自己的青春
648,就你皮！
649,爱情这东西  说不出来的
650,我也十七岁，但我看懂了，就在我十七岁生日时遇上了一个腼腆的白衣少年，我们现在还在一起，但在错的时间里遇上了对的人不知道能不能走到最后，前方还有好多困难需要垮过去，但不知道能不能坚持下去，不管怎么样他都是我的一生所爱
651,在错的时间里遇上对的人，会有结果吗？不管怎么样早恋一年我不后悔
652,我们约好下一次要窝在一起看大话西游 月光宝盒噢 约定好的事情  我不骗你 你呢
653,谢了老弟。
654,从前现在过去了再不来 ＿HMM
655,玫瑰是我偷的你爱的人是我杀的不爱你是假的想忘了你是真的
656,早晚有一天我会叫着我的支付宝，开着我的七彩祥云去找你
657,永远记得电影重映时电影院里的我们  大概是我离你最近的一次 电影票我还留着呢 上面的字都掉完了 还好在我泪眼婆娑的时候你没有看向我 一江春水 一生所爱 大抵如此了 
658,这句我爱你，等过完余生我再跟你说。
659,安排安排!!
660,挺有意思的。明明是一位幸福而自在的老头，一张口确实千万人死去的青春和永久的遗憾。如今他耳顺，这首歌的编曲也见山是山，见海是海。
661,加油 珍惜眼前人 祝你走出阴影 但别忘了在心里给他留个小小的位置
662,紫霞：蹲下，叫啊！孙悟空：汪汪！
663,自卑跟钱有什么关系呢
664,她刚过完生日几分钟，我也刚第N遍刷完大话西游，昨天十几公里外城里选的蛋糕让朋友带过来，和朋友一起开车放到她家楼下，给阿姨打电话让她们下来取，别后我很想再见！有很多想说，我又每次快见之前不知该如何说好，却又没见又没说… 生日快乐。没联系方式 今年我该再找你吗 会不会这辈子再也见不着了…
665,虽然不能在一起         周雪❤️
666,《一生所爱》是红尘中的心经，这一版是嵇康诀别时的《广陵散》。
667,n年前你绝对没有看懂的《大话西游》，n年后你终于懂了……这个世界上还有一个故事，叫做《大话西游》。 n年前你笑了，n年后你哭了......原来这个世界上还有一个人，你的至尊宝和紫霞仙子
668,"n年前，搞笑，捧腹大笑。
n年后，悲伤，痛苦欲绝。"
669,"嗯
对于爱情
我只能说其实在一开始
就已经安排好了
白晶晶  紫霞仙子  至尊宝
无论有没有月光宝盒
最终都是以现实的残局收尾
“你看那个人好奇怪啊
对啊
像一只狗……”
所以还碰不碰爱情呢
算了
相信爱情自有天意
对  他也曾说过"
670,"尚士达曾推荐一部电影
叫 爱情自有天意
他的偶像是周星驰
这学期在他们学校的晚会上
唱了一首 一生所爱
很久之前
我看了爱情自有天意这部电影
其实感触不是很大
对于爱情  只能说靠缘分
今晚又看了大话西游两部
明明以前是笑着笑着看完的
而今天却是哭着哭着结束的
……"
671,从结婚到离婚5个月时间。一生所爱。 如同丧偶。
672,终于把这篇故事留在了网易云的评论里 感谢  长图保留在动态中
673,"你可能听不清了 　　
你最后听到的嘈杂的声音
是一群十五六的少年 　　
起着哄说的 答应他 答应他 答应他"
674,"第3秒
突然你笑了
原来已经回到了15岁的那一年
你看见一个男孩
他叼着一袋牛奶，背着书包
从另一个女孩家的阳台下跑过
那个男孩朝窗户里看了看
那是15岁的你暗恋的那个女孩子
你想不起来她长什么样子了
最后一秒你努力的回忆着
然后终于笑了出来
3秒过去了
身边的人突然间开始嚎啕大哭"
675,"70岁，孩子的孩子也长大了，
不用天天操心了
你下定决心说：一定要去玩一趟
可是手边的拐杖
只能支持你走到楼下的花园 　　

75岁，你在医院的病床上
身边聚满了人，
你迷迷糊糊的看见医生摇了摇头
周围那些人神情肃穆"
676,"这么多年了
你们还是存在分歧，
还是在争吵
某个瞬间，
你觉得这样可能也挺好
一切都准备好了
儿子说：爸妈，我工作太忙了
可以帮我照顾一下孩子么
你们退了机票，又回到了30年前"
677,"55岁，孩子工作了，
似乎有一点理解你了 　　
但你却反了过来，你说不要妥协

56岁，孩子也结婚了 　　
你问他喜欢那个姑娘么 　　
他愣了愣说：喜欢吧 　　

60岁，辛苦了一辈子，想出去走走
身边的那个人过了30年
你依旧分不清到底喜不喜欢
你们开始规划旅游路线"
678,以前觉得卢冠廷唱的一生所爱一点也听不懂，喜欢听韩庚，但现在听来最有感觉的不过就是这个吧
679,"你说不过他，
只能说一句：我是你爸爸！ 　　
孩子看着你，知道再怎么争辩都没用 　　这场确立你最后威严的酒局不欢而散 　　你听的不真切
在孩子回自己屋的路上好像叨叨了一句
“我不想活的像你一样”
怎么就哭了呢？50岁的人了
一定是酒太辣了，对不对 　　
一定是酒太辣了"
680,"他学的专业你有点看不懂
你只知道工作不一定好找
而且学费还死贵
你和他深夜想聊聊
准备了半斤白酒，一碟花生米
你说着那些曾经你最讨厌的话
还是要为以后工作着想
挑个热门的专业
活着比热爱重要
你们从交流变成了争吵
你发现，你老了
老到可能都打不过这个18岁的孩子"
681,"你唯唯诺诺的 　
那个比你还小5岁的领导请了个假
到学校又被老师训了一通　
无非台词就是那一句
你们做家长的就知道工作，能不能陪陪孩子 　　
你看着这个老师，有点可笑
好像当时说：
家长在外辛苦点
多赚点钱让孩子多补补课的和他不是一个人
50岁，孩子上了大学
很争气，是一个一本"
682,"但那句“爸爸现在买不起”
你始终说不出口 　　
好在孩子比较懂事 　　
她说：
爸爸没事，要不我先学陶笛也可以
你看着这么懂事的孩子，
却开心不起来
46岁，
孩子上了一个不好不差的高中
有一天你在开会，
接到了老师的电话 　　
电话里说你的孩子在学校打架了
叫你去一趟"
683,"40岁的时候
孩子上了三年级 　　
老师说
三年级，最关键，承上启下很重要 　　
你笑着说：
是是是，正打算再报个补习班 　　
44岁，孩子上了初中 　　
有一天回到家
她对你说 　　
爸爸，我想学钢琴 　　
你没什么犹豫的 　　
你以为这些年你已经习惯了"
684,刚看仙履奇缘，紫霞仙子说：“如果不能跟喜欢的人在一起，做玉皇大帝我也不会开心的”。
685,"你没说话
回屋给媳妇转了6000块钱
这笔钱，你原本打算给自己过个生日，买个新电脑
38岁，孩子上了一年级 　　
老师说一年级最关键打好基础很重要 　　
你笑着说，是是是，老师您多照顾 　　
新生接待的老师看着你不明事理的脸 　　给你指了一条明路 　　
“课外辅导班，一个月2200”"
686,"那天下班，媳妇告诉你 　　
孩子要上幼儿园了 　　
双语的一个月3000 　　
你皱了皱眉头，那边就已经不耐烦了 　
“四单元的老王家孩子，一个月6000” 　
“你已经这样了，你想让孩子也输？”"
687,"35岁 你因为身体越来越差
加班越来越少 　　
晋升的速度也越来越缓慢 　　
那天下班，媳妇告诉你 　　
孩子要上幼儿园了 　　
双语的一个月3000 　　
你皱了皱眉头，那边就已经不耐烦了 　
“四单元的老王家孩子，一个月6000” 　
“你已经这样了，你想让孩子也输？” 　　你没说话，回屋给媳妇转了600"
688,"金千   我爆炸式的想你啊  我好想好想现在一把把你拥入怀里
大家看见了能顶下吗
谢谢"
689,真好啊
690,一但失去了就真的再也回不来了。
691,以前听歌 听的是旋律 后来听歌 听的是歌词 再后来听歌 听的是故事
692,我原以为只剩下一步之遥，谁知道这一步，我这一生都跨不过了，三年了，我像之前的那331次一样的想你，对不起，我一直爱你。
693,苦海 翻起爱恨  在世间 难逃避命运 .... 爱你一辈子这件事 我想试试 大不了不就一辈子...
694,我也正月初一生日！
695,怎么感觉没有电影里的感觉呢？
696,谢了老弟
697,我给不起，祝你幸福
698,我原以为我种下了爱情的种子，可到最后我还是没能吃到它的苦果。
699,为赋新词强说愁
700,风花雪月中的罗本与昭阳是伏笔还是客串啊，还有那一章应该是昭阳的哪个人生阶段，又知道的吗
701,兄弟
702,带着她对你的期望好好活下去吧
703,星爷一直是个自卑的人。懂得人就懂
704,"越来越喜欢这首歌，越听越想流泪
对不起，我爱你。一直爱"
705,我的意中人是个盖世英雄，有一天他会踏着七彩祥云来娶我。
706,滚
707,那么你是要看着就这样结束？你有多在乎这段感情呢？男方永远不会懂，去看看他现在怎么样吧，祝你幸福
708,你是我的意中人，但是我不是你的盖世英雄啊 。😃😃😃
709,向全国人民谢罪就完事儿了
710,过往之事再回想 犹如一阵夹沙的北风，你我微微张嘴 欲言又止，待启齿时 声音沙哑，也罢，一笑而过
711,我发誓这辈子只爱你
712,爱恨两难
713,[西西机智]
714,我们从大一在一起到大四，毕业，我来到了外地，你回了老家，异地恋，你不怎么联系我，但是我知道你是爱我的，因为某些情绪，我跟你说我不回去了，永远都不会回去了，我们分手吧，你同意了，现在咱们分开快半年了，我一直在等那句你挽留我的话，但是到现在都没有……记得你曾经说咱们婚礼你要唱一生所爱
715,我还是会笑着……笑着看完大话西游
716,一个一生最爱的女人，在她还是女孩的时候，我们坐在回老家的火车上时，她说:“相爱的人不一定会在一起，也许遗憾会是一种美。”如今十五年过去了，她有了老公，有了女儿，老公不是我，我们年年复年年，都没有见面，可是我年年复年年的想着她，想着想着就恨自己，原来这么多年过去了，还是无法走出来！
717,金箍戴上，你已离去。
718,我等你娶我，7年而已，我等你，我等你
719,"刘媱
如果你能看到这个评论
我想告诉你
纵然五百年
承受一世孤独
我也愿意踏着七彩祥云
迎娶你"
720,在那？？？？
721,没有爱的这般深，但还是潸然泪下
722,谢了老弟[拜]
723,六小龄童：谢罪警告
724,安好兄弟 继续追寻生活的美好最重要
725,不说了，开花就完事了
726,我电台有抖音版，你们可以去试听下，
727,即使是卢冠廷也不是任何时候都能唱出“真正”的一生所爱，就像我不是一直爱你的，错过了，就再也回不去，再也回不去了
728,[多多大哭]
729,只有卢冠廷唱的让我有种死了老婆的感觉……
730,孙悟空管白骨精叫“晶晶”，白骨精管孙悟空叫“空空”，人妖不分是非颠倒有意思吗啊？
731,"你在梦中叫了晶晶98次,叫了紫霞784..这个叫紫霞的一定欠了你很多钱"
732,卢冠廷
733,人一旦变得麻木，生活过的就快多啦[憨笑]
734,执子之手，与子偕老。
735,周星驰老早就投资香港房地产。他为啥会自卑啊。你为啥不自卑
736,旋律响起的时候依旧心如刀绞，十个月了，那个曾经说要伴我一生的他也应该有了新欢。依旧放不开，会幻想，想着有一天有个人来找我。可能是工作饱和度还不够吧[多多大哭]这就是痛并快乐的青春吧[多多大哭]
737,想要这个版本的吉他谱
738,六学家你好
739,山有径可行 海有舟可渡 所爱翻山海 山海皆可平
740,"到头来，
我不是孙悟空，
也不是至尊宝。
终究成了城墙下的那群人，
看着别人的爱情，
咀嚼自己的青春。"
741,， 大话西游里孙悟空说：“我不戴紧箍救不了她，戴了紧箍爱不了她。一万年太久只争朝夕，一路走来才发现没有什么是永垂不朽。我们终于懂得曾经离我们一步之遥的人，一旦错过，之后哪怕化身绝世英雄，身披金甲战衣，脚踏七彩祥云，一跃八千里，也未必追的回来。
742,愿漂泊的人能自己做饭，愿孤独的人心里有歌，愿相爱的人有期待，愿等待的人有方向。
743,情人别后永远再不来，我肯定看着你微信的头像默默发呆，一遍遍打着字然后又删掉，对不起，请原谅我删微信时这么决绝，因为我爱你
744,对不起，我真的动了情，如果一开始就想着我们不在一起的话也不会这样决绝，正是因为太爱你，所以我才会说不联系，对不起，我没办法再联系你，因为我怕疼
745,找你半天了
746,老版从年轻人的爱而不能最后无奈放手离去，到新版几十年后回头来看的那种洒脱
747,红红落叶，长埋尘土内
748,云呀，云呀～我与我的云在伸手可及的距离，小庆幸
749,他说我就是他的一生所爱💜
750,错过了 才后悔
751,谢谢
752,谢了兄弟
753,安好！
754,刚刚你问我有没有想结婚的女孩，我该怎么样告诉你那个人就是你呢[多多捂脸]
755,"浮世三千,吾爱有三:
日、月与卿。
日为朝，月为幕，卿为朝朝暮暮。"
756,我一直以为是：真心，竟不可接近
757,I要大写🌝
758,开场第一句都哭了、声音和配乐真的太美了。回忆仅仅都只是回忆。
759,原版哪里可以听到呢？[拜]
760,终是悟空择了佛，失了紫霞丢了魔
761,曾经有一份真诚的爱情放在我面前，我没有珍惜，等我失去的时候我才后悔莫及，人世间最痛苦的事莫过于此。如果上天能够给我一个再来一次的机会，我会对那个女孩子说：明年年初，中美合拍的西游记即将正式开机，我继续扮演美猴王孙悟空，我会用美猴王艺术形象努力创造一个正能量的形象，文体两开花
762,你觉得难听 你就不听，人家这是年老之后唱的，你听不出岁月的沉淀
763,太好啦99啊
764,还是喜欢原版的一生所爱。这次的配乐曲调都没他开始唱的那版本好
765,断肋骨啊断肋骨
766,喜欢她我没后悔
767,每天骗自己我真的已经精疲力尽了
768,所爱隔山海，山海不可平
769,政治老师讲课时给我们举的例子：你一节课不学习，别人认真听一节课，那他就比你多学两节课。当时听完感觉挺荒诞，正如我爱你，而你不爱我，那么我对你的爱就有两份，爱满了，有点夸张，正如这样，你知道我爱你，但你不知道我爱你有多深。好怀念你在我手背写字的那段日子，再也回不去了。知青，只青。
770,单曲听出了曾经
771,顿时想到文体两开花就不伤感了
772,谢谢温暖的你[爱心]我们都要开心
773,i love three things in this world sun moon and you. sun for morning moon for night. and you forever
774,阿有点鬼哭狼嚎
775,老了，豁达了。
776,白晶晶爱的是孙悟空，爱白晶晶的是至尊宝，紫霞爱的是至尊宝，爱紫霞的是孙悟空，你以为是同一个人，其实已经相隔500年。
777,此时此刻...
778,记得那年夏天与她坐着大巴  戴着耳机听着这首一生所爱  怀揣着憧憬去的西部影视城  可谁知  最后听到这首歌就会想起那个西北  那个影视城  那个与我8年最后却永远分手于西北的她  结果这首歌成为我心中永远挥之不去的痛！呵呵
779,爱一个人需要理由吗。！？
780,你的意中人不是什么盖世英雄，没有金甲圣衣，也踏不上七彩祥云，即使镀上金光，他也还是普通人，平凡的像一条狗。
781, 你看：距好似只狗甘
782,"孤独用英语怎么说？
I love you."
783,同
784,太苦了
785,多年以后才知道成长的代价多大那个转身有多难那条狗有多无奈在世间难逃避 命运
786,多年以后才知道成长的代价多大那个转身有多难那条狗有多无奈在世间难逃避命运
787,坐火车路过了南京。
788,哪怕喜欢你这件事是错的，但我希望一辈子知错不改
789,钢之炼金术师不是动画片吗？
790,一听这歌就感到，自己好像不是个单身狗。[大哭]
791,你说过《大话西游》里面的台词是你最喜欢的。。。。。
792,刚好是我生日那天
793,"五百年
"
794,你缺的不是听故事的人，缺的是能够听完故事然后温暖你的人。
795,这吉他泛音加上歌声，享受
796,你要结婚就应该学会收心，负责贪婪的人最后什么都得不到，永远不会快乐
797,，《一生所爱》的吉他伴奏真的是太强了，
798,既然要结婚了就放下往事重新开始吧 祝福你
799,我还有几天就订婚了 还有10几天要结婚了 20天完成我四年跟你都没有完成的梦 跟一个我认识四个月的女人 完成了所有人的心愿 父母终于安心 我终于死心 你也终于放心我不在打扰你了
800,你又出现在我的世界里，而我也确实高估了自己。
801,小时候看喜剧，长大后看是人生，是自己😔
802,无人陪我渡苦厄，无人陪我享清福.
803,哭了。
804,这歌应该十万的[流感]
805,"浮海 发嘿爱喊 （苦海 泛起爱恨）
在赛干 难偷贝明晚 （在世间 难逃避命运）
seng餐 ging八和即干 (相亲 竟不可接近)
哇我应该 sun sung系云帆 （或我应该 相信是缘分）"
806,我们是如何从无话不说变成无话可说[心碎]
807,喜欢你的你不喜欢，不喜欢你的你非得上去凑，有时候真是有意思
808,其实这世间为了爱的人变成一条狗又怎样？爱吗不爱吗？爱吗不爱吗？这首歌呀这首歌呀唉……有些人和事再也回不去了…………
809,"“老板能不能给我调五杯和昨晚一样的酒。”

“是因为今晚的心情和昨晚一样吗？”

“不是，是因为昨晚的醉意刚好可以梦到她。”"
810,我记得你最好的年岁，也记得我
811,昨天又看一遍大话西游  是一种心碎的感觉  心口被堵住
812,听着这首歌  想到了星爷  如今一头白发  以前的一段情是否还在  是否都能忘记？，如今星爷仍独身一人 ，能否再有与她相见一面的机会
813,为什么看到你的评论好心疼
814,不评论了！想到开花就没有感觉了。[西西流汗][西西流汗]
815,疼爱
816,我不记得在哪个电影里看到的了，孙悟空还有这样走的？！“师父，走！”
817,文体两开花
818,我有故事也有酒，可是缺一个听我讲故事的人
819,拍，还有章口就莱
820,想起西游记我就想起中美合。
821,葱啊    让人悲哀  菜市场   命运不能更改
822,香菇
823,也许，有些事真的回不去了
824,我叫刘冠廷，看到把廷字读成或者写成延字的人我就想锤爆他的狗头[多多捂脸]
825,19年了
826,谢谢你了兄弟.
827,祝安好
828,什么都对，唯独时间不对
829,白晶晶爱孙悟空，孙悟空爱紫霞，紫霞爱至尊宝，至尊宝爱白晶晶
830,为了这首歌开始学吉他，不知何时能弹出它呀
831,他永远都不会来找我
832,我还是孤独的
833,你是山河故人。是南柯一梦。
834,两开花！！！
835,我的意中人，大概我这辈子也不会认识他了
836,张敏         如果有机会你听到这首歌 有机会看到我的留言 我想告诉你 虽然我们没有在一起      若再相遇人海黄昏 你是否还能记得我 只要你没有结婚 我都不会放弃 有你我的青春才算完整 我不想给自己留有遗憾 电影里说青春就是用来遗憾的 可是这只是自我安慰罢了 2019年1月9日
837,"陈雪
如果有机会你听到这首歌
有机会看到我的留言
我想告诉你  虽然我们最后没有走到一起
若再相遇人海黄昏
你是否还能记得我
只要你没有结婚
我都不会放弃
有你我的青春才算完整
我不想给自己留有遗憾
电影里说青春就是用来遗憾的
可是这只是自我安慰罢了
2019年1月7日"
838,你的意中人是位盖世英雄，所以注定不是我
839,爱德华多少年前的电影啊。
840,据说评论第一条都是编故事的，但愿你这个也只是故事
841,时亢时吟，随性而然；婉转悠扬，一曲断肠。我听过最好的版本。
842,想要救紫霞就必须打败牛魔王，想要打败牛魔王就必须要变成孙悟空，想要变成孙悟空就必须忘掉七情六欲从此不能再有半点沾染。人生就是这样：想自由地和心爱之人在一起必须要事业有成，想要事业有成就必须要抛弃天真戴上面具，当你变得有能力给心爱之人一切时，却发现找不回最初的自己亦失去了爱的能力。
843,当我心无牵挂的时候，贫穷对我来说只是晚上吃馒头和吃牛排的区别，无损我的快乐，可当我爱上一个人的时候，我才深深的感受到了什么是贫穷所带来的自卑。
844,开着车走在环岛路上，车外的风景很美，你也在旁边，一切本应是美好的，可是离得这么近却又离得那么远..
845,我tm给你一巴掌[西西惊吓]
846,傅恒……
847,我一直无法描述这种感觉。终于找到了。
848,头不戴金箍便不能 保你安然 头若戴金箍便不能 与你相伴
849,不戴金箍，如何救你；戴了金箍，一定会爱你。
850,换了个头像，第一个想到的是这首歌
851,谢了兄弟
852,加油
853,寻找一生所爱的人，之前认为很简单，后来发现很难，再后来我就学会了享受孤独——孤独地等你出现、孤独地等你爱我
854,"曾经有一份真挚的爱情放在我面前

我没有珍惜

等我失去的时候

我才后悔莫及

人世间最痛苦的事，莫过于此

如果上天能够给我一个再来一次的机会

我会对那个女孩子说

明年年初，中美合拍的……"
855,加油，我也快结婚了
856,谁不曾“”一生所爱
857,我21岁了，也有故事可讲。如果你不嫌弃稚嫩与矫情。
858,或我应该相信是缘分
859,"今天打电话给她了
可惜好像已经晚了[哀伤]"
860,同意
861,总是忽冷忽热
862,未来会怎样，回答会如意吗
863,看，那个人像条狗。有些人看着是个玩笑，有些人看着是个笑话，哈哈
864,曾经有一段真挚的爱情，摆在我的面前，我没有珍惜，直到失去以后才追悔莫及。如果上天给我再来一次的机会，我会对那个女孩说:“我爱你”，如果非要加上一个期限，我希望是今年下半年......文体两开花
865,"我是五百年前大闹天宫的美猴王
我不相信爱情
我只相信自己
猪八戒说他爱嫦娥
可他不明白
嫦娥自从偷了灵药
便再也不是以前那个纯洁的少女了"
866,你在哪里？
867,世间安得双全法，不负如来不负卿。世上不得两全法，许卿来世，今生，我西行
868,你真勇敢，去张家界走玻璃栈道，蹦最高的极，我从17年到现在都没去，现在太痛苦了，想去体验生死的那一瞬间，可以让我明白活着真好，
869,都要熬过，没办法，生活始终是一个人的，
870,希望他别懂
871,对呀，爱而不得多正常
872,-无论以什么方式告别' 都对不起初见
873,没有，你说舒淇的嘛，那是星爷也参与的呀，各有各的意境
874,@A我是你的小迷妹儿 
875,希望猪年，祝洁大哥和陈同学，熬夜和爱而不得的人都戒了。
876,也许我们就再也没有交集了吧
877,女孩子生性敏感 所以我喜欢上了一生所爱这首歌  你喜欢上了莫文蔚的慢慢喜欢你  明明我们经历的是同一段感情  相同的话题越来越少  圈子也都共同不知道  职业更是八竿子打不着 其实我很怕很怕 可是我又什么都做不了  我想 我好像只能到这里了  我想我只能陪你熬过现在最难熬的时候了…等你好了成功了
878,等你遇见你的紫霞。就懂了。
879,大话西游之前不懂一生所爱是什么，大话西游之后只记得一生所爱这首歌
880,一万年确实太久了，以后就别等那么久了，有什么事情就马上做。
881,看这部电影，我们好像有了上帝视角，看着电影中的形形色色角色，好像都会有我们自己的影子。
882,这是部神作
883,"情书写给山鬼
心事寄予西风
可惜山鬼不懂字
西风往东吹
山鬼为情买字
西风因爱懂我
后来
南山的风吹散了骨堆
北海的水淹没了墓碑
你应该回头仔细看我一眼
我又有几分像从前"
884,"你不在抱怨路上拥堵的交通
你甚至开始希望
再多堵一会
回到家，你关了发动机
在车上点了一根烟
这是你每天最幸福的十分钟
车前是功名利禄，车尾是柴米油盐"
885,"32岁，这是人生最不愿意重复的一年
平均睡眠3小时
孩子每一个小时都要闹腾一次
第二天拖着睡不醒的眼睛去上班
老板说你上班不干活
回家媳妇说你不干活
你想了半天不明白，那谁干活呢？
那辆开了3年的车
成为了你真正的家"
886,"但你依然不敢放松
每次加班
电话那头都是抱怨与委屈
但你不能争辩什么
谁让她怀了你的孩子
在这一刻
不论是她的父母还是你的父母
都无条件的站在这一边
31岁，孩子落地了
前前后后连孕检带住院费花了10万块钱
不过无所谓
你看着你的孩子，怎么看怎么喜欢
高兴的仿佛这是你的新生"
887,"婚礼结束后，并没有你想象的浪漫
你听着外屋的新娘一笔一笔的算着份子钱
想着不过才两年，怎么就变成这样了
想着想着，洞房夜就睡着了
30岁，她怀孕了
辞掉了工作，在家养胎
你在公司逐渐有了点地位
手里管着十来个人
独立负责一个项目
结婚前陪嫁的那辆20万左右的车
也变成了你一个人的独享"
888,"对着台下的亲朋喊道
要不要让他们亲一个！
台下那些人跟着一起起哄
不知道为什么
你简简单单的亲了一口
俩人恢复到了一开始的站位
你小声说了一句：我爱你
那个昨天还看不惯你倒腾模型的新娘
愣了一下说：我也爱你
你不确定她是不是对你说的
就像你不确定是不是对她说的一样"
889,"双方家长就已经摆好了订婚宴
结婚的前一周，你和朋友出去喝酒
你说，不想结婚
朋友说，你啊，就是想太多。谁不是这么过来的？
这辈子。
29岁，你们终于结了婚
婚礼办的不大不小，朋友来的不多不少
攒了几年想要去实现理想的钱
搭在了这一场百人的私人庙会上
婚礼进行到中间
司仪带着标准的商业化微笑"
890,"26岁，你看着身边的人都结了婚
婚礼的份子钱逐年递增
春节回家，父母从带你串亲戚
变成了带你去见相亲对象
见了十几个姑娘
你每次都觉得和那个她比
差了一点
28岁那年，你遇到了一个和你遭遇差不多的姑娘
你们有一搭没一搭的聊着
她说：你还不错
你喝了一口可乐说：你也是
你还不确定喜不喜欢她"
891,时间真是可怕，歌声变得破锣，人变得消瘦，就连你，都变走了
892, 希望你能好好的[憨笑]
893,我好想让你重新爱上我 我爱你 可是我们回不去了
894,不是黑崎一护吗？
895,诶，你看那个人好奇怪啊，嘶~真的诶，好像一条狗哦
896,好的
897,在苦海难逃命运
898,对自己好点，祝好心情
899,祝贺你们
900,刘镇伟只是该片的导演
901,以前那个版本多好，现在真的是重唱糟蹋了
902,为什么听起来如此苦涩，谁能告诉我？
903,也许这辈子只能注定做你紫霞仙子
904,我们最后都没有成为至尊宝，而成了楼下的那群看客，看着别人的爱情，咀嚼者自己的青春！
905,开口后就听不下去了，太苦了，太沧桑了，不只有爱情的苦涩了，还有人生不得不放弃的苦楚......
906,一生所爱隐约在白云外
907,"我想爱你宠你照顾你 可是用什么身份呢
至尊宝放弃爱一个人的权利戴上金箍以为可以救自己心爱的女人 结局却是紫霞为救自己而死  十八年后西游降魔里唐僧明白大爱小爱想与段小姐在一起的时候 段小姐也已不在人世  当至尊宝明白他真正所爱却要面临选择  唐僧他知道所爱却选择不爱 后一个像狗一个再无笑颜"
908,以为是意中人 却也不是真名天子
909,走流程还是直接开花
910,周先生，我不想爱你了，真的，我累了，你可以做回那个周大少，可我做不回李小姐啊，宁愿当初只甘心和你做朋友。
911,说了多少次！先开机，再开花！
912,就像现在 不工作如何养你 工作了如何陪你 矛盾所在
913,留评
914,章口就莱？
915,謝謝兄弟
916,安好
917,我就是来找开花的
918,苦海，翻起爱恨
919,愿每一个爱着自己心中紫霞仙子的至尊宝，都能在紧紧握住她的手，加油！[多多笑哭][多多笑哭]
920,哪里有这样祝福别人的，正确的祝福语应该是；愿你不孕不育，子孙满堂！
921,滚
922,你可以不听
923,[多多可怜]
924,@水母帝_Jellyfish
925,emm
926,律动怎么可以这么好
927,"哪有那么多看懂看不懂的爱情。
不懂的只是我们。
仅此而已"
928,并没有相隔五百年，其实是一个人。只是是一个人在不同的世界（昙花一现的世界）里也可以说是梦。又或者说并没有至尊宝，至尊宝不过是孙悟空在观音创造的梦世界里历练的一个人（心境），孙悟空最后顿悟了，悟空，放下了，接受了所应该的“命运”。至始至终只有孙悟空
929,等你遇到那个让你忘不了的人，你就能看懂了。
930,如果你爱一个人那么需要理由，理由就是“我爱你。”
931,不能跟喜欢的人在一起，是人生的一种常态
932,说到西游，直接开花
933,爱一个人需要理由嘛？
934,喜欢这首歌，因为每一句的尾音，都唱出了，我的无可奈何。
935,"作曲: 卢冠廷
作词: 唐书琛
演唱: 卢冠廷

如此动人的三行情书"
936,这首歌 主唱人员和编曲人员是要想全国观众谢罪的！！！
937,愿笑容不必刻意
938,时过境迁，物是人非。城门上还是那两个人而你已远去
939,原来城下的看客都是爱而不得的人。
940,用了13个月小心翼翼的删光了她的所有线索，希望她过的比我好，也希望我可以学会去爱，或许是我太过执着的等待缘分，实则是不敢再去重新认识一个人。你好，早安，晚安[太阳][月亮]
941,第一杯酒我敬你，感谢你出现在我的生命里曾带给我感动和欢喜！第二杯我敬你，愿你前程似锦从此豁达 有酒有肉有人疼！第三杯我敬你，再见曾经在一起的岁月和放不下的缘分！干了这三杯酒，我们只字不提爱情，愿有人待你如初疼你入骨，从此深情不被辜负。敬你三杯酒，愿你有诗有梦，这一次我干杯你随意！
942,迟早吧
943,爱了三个人，还是像智障一样会把枕头哭湿，你是第四个，晚上躺在被窝里却怎么也哭不出来了，突然觉得对不起你，碰到你的时候泪腺已经枯竭了，就像我的心一样
944,找回？当你有过这样的经历，你会知道你这句话是多么幼稚
945,喜欢这个版本
946,烟花易冷2018年听了740次！
947,对星爷没什么评价，他在我心中无人能替代。
948,王小雅，我爱你！
949,"大话西游应该是一个美好的结局的 源自城头的那出夕阳武士戏 至尊宝说出那句我爱你 也算是假想着圆了自己对于紫霞仙子的承诺 （虽然我们都不再是彼此）  让这一世不再有遗憾
有太多的事错过就无能无力，你终究还是要对另一个“紫霞仙子”说出那句：我爱你
虽然那是你，但，也并不是你。"
950,原来你喜欢这样歌曲呀🚗🚗
951,然而牛有草吃，你回到家，却无米可煮，还是得为了生计奔波，这便是生活。
952,你的名字就是个故事了[星星]
953,突然好想去放牛 ， 没有压力，没有江湖套路。以我的智商，只放一头，多了我也数不过来，它吃草，我趴在牛身上睡觉，牛丢了，我也就丢了……省心
954,或许我真的放下了，挺着这首歌，想说一句，余生，再不想见
955,刚刚在车站等车，忽地听见这首歌，明明没有多大年纪，也没有多少故事，可眼泪为什么一直在掉呢？
956,年轻时候听这歌就是觉得好听，到了现如今，听着听着感觉有点难过，甚至落泪。
957,要开心啊
958,两情若是久长时，又岂在朝朝暮暮？
959,傅恒，放弃尔晴
960,有些人有些事只能藏起来，不能说不能想，却又不能忘
961,可是我并不想这么早就明白，这样的感觉真不好
962,不懂爱情的时候听不懂这首歌，懂了之后……觉得还是不懂的好。。
963,年轻时
964,以后会对得起自己！
965,翻唱这首歌一定要唱出死了老婆的味道才能诠释这首歌
966,你说咱们结婚的时候就放这首歌，可是到最后还是我给你随礼
967,我还是听不懂(=_=)
968,"经典就是经典，台词都很有深意
有一个问题，为什么会翻拍加长版本？"
969,"听这首歌我就会想起这段话：“这里荒芜寸草不生，
后来你来这走了一遭，
奇迹般万物生长，
这里是我的心。”

这首小诗 你也可以 倒着读"
970,调侃请去微博贴吧段子软件
971,男人。
972,三年，在此别过
973,哀
974,愿用真心对待感情
975,"我爱了她六年。
两年前分手了，也许我还会再爱她十年。再等她十年"
976,我还是很喜欢你，就像你不喜欢我那样喜欢你
977,一生一世一双人
978,从前现在过去了再不来。
979,你爱过一个人吗 从满心欢喜到绝望 ​​.[心碎]
980,人都这样，对于痛苦的记忆总比快乐来得深刻
981,美好的东西或许很短时间就忘了，遗憾的东西却能记很久。
982,就像紫霞喜欢至尊宝 至尊宝喜欢白晶晶 白晶晶喜欢齐天大圣 齐天大圣喜欢紫霞 你以为齐天大圣和至尊宝是一个人 但是他们相差了500年 一切都对 除了时间不对 人的出场顺序真的很重要.大话西游里孙悟空说? 我不戴紧箍 救不了她? 戴了紧箍 爱不了她? 一万年太久 只争朝夕
983,啊呜
984,的的 看我一眼呀♡！
985,"看了那么多歌评论，依然最喜欢大话的。原来看大话想有一天大话能上映，我一定要带着心爱的她去看一遍。那一年大话上映了，一个人看到结束，直到人都走了，直到眼泪下来了，才知道我早已不是那个为了爱情义无反顾的人了，生活早已把我践
踏。到今年才明白我需要的是一个安稳的家而不再是轰轰烈烈的爱情"
986,苦海
987,程嘉震一生所爱陶静
988,我会在梦里喊一万八千六百五十三次你的名字
989,!送我上去，我要所有人都知道我想要这谱子!
990,戴了金箍也没救成
991,qnmd喜欢，是我瞎了眼看上了你，祝你天长地久越走越有qnmd
992,生活版:抱起砖头抱不了你，放下砖头养不起你。
993,这吉他编的也太销魂了吧
994,当你看清了自己，便不会看轻其他人。
995,前奏一响就想哭 不知道大家有没有一样的[多多可怜]
996,可爱的人见多了，可爱的人只有你一个
997,大多数时间都是一个人插上耳机默默欣赏这首歌，看大话西游也是，而且听歌的时候很喜欢里面的评论的。
998,我该以怎样的速度去追你，才能与你相遇?
999,我这辈子到底在爱着什么
1000,在世间，难逃避命运
1001,是的，每听一遍有一种新的感觉，看大话西游，每看一遍就有一个新的感悟
1002,好像这首歌怎么也听不腻，每听一次都有不同的感觉，当之无愧的最爱的歌，没有之一
1003,好像今天才知道你的名字，许晶，
1004,最爱的歌 没有之一 ，不知道为什么对它有种莫名的感情，但其实我知道我还没完全听懂它
1005,你真幸运
1006,不到生命的最后，能知道一生所爱吗？
1007,大话西游什么时候能重新上映，我想那时候，就是我放下你的时候
1008,你抓的住他？
1009,情，不知何起，一往而情深，然，奈何奈何，望而却步。
1010,文体两开花[多多比耶]
1011,谢谢侬……愿你被这个世界温柔对待
1012,剪刀手爱德华
1013,抱抱你
1014,我不记得在哪个电影里看到的了，孙悟空还有这样走的？！“师父，走！”
1015,我觉得好难唱
1016,不是多少岁能看懂，而是有经历的人才能懂。当你经历过刻苦铭心的爱情却无法在一起的时候。那时你就能懂了！
1017,这个版本有点欠缺[奸笑]
1018,评论比听歌还让人更加欢喜
1019,感觉这个版本比上一个版本更有味道
1020,我今年17，成年人能不能告诉我，几岁可以看懂这个电影？
1021,你相信宿命吗？我相信。就好像我们命定的相遇相知和注定的永远分离。
1022,你终于相信，生命中会出现这样一个人，就算不顾一切，就算倾其所有，就算万死不辞，你也无法和他走到最后。
1023,"丑奴儿·书博山道中
少年不识愁滋味，爱上层楼。爱上层楼，为赋新词强说愁。         而今识尽愁滋味，欲说还休。欲说还休，却道“天凉好个秋”！"
1024,是不是我的手掌有些大   手指有些长  所以你抓不住我的手了
1025,你不懂 我不怪你
1026,只是一个深夜买醉却不敢回去找她的胆小鬼罢了。
1027,错爱，让人悲哀，在世上，命运不能更改。
1028,这个吉他太厉害了
1029,原唱？
1030,你看他好像一条狗阿
1031,千万年的孤独，一下子全涌了出来。
1032,思念如马，自别离，未停蹄
1033,一生所爱能看到我么
1034,紫霞喜欢至尊宝，至尊宝喜欢白晶晶，白晶晶喜欢齐天大圣，齐天大圣喜欢紫霞，你以为齐天大圣和至尊宝是一个人，但是他俩相差了五百年，一切都对，除了时间不对。
1035,想和你一起去世界各地游玩，想陪你吃遍所有美食，想带你去不同季节的美景……可惜这只是我的一厢情愿，对不起，打扰了，你不需要我，但我需要你，我不想打扰你一些天，我想打扰你一辈子。可好。
1036,一生所爱   永无法在一起
1037,在这个冬天 有幸遇到了一个很特别的女孩 更幸运的是 这个女孩也觉得我特别 一个在别人看来很奇怪 一个看来很美好的两个人 慢慢被彼此都灵魂吸引到了一起 如果说遇到她是最幸福的事情 那么比这还幸福的就只有陪他到老了 一生所爱
1038,你说你不喜欢我，我也痴迷不悟，如今我是真的明白什么是天上月，不可得。我不懂爱，只是喜欢你，再见
1039,人总会变
1040,我们都是对方的玩具，各自安好，不留遗憾，所谓爱情，便是如此
1041,明年年初
1042,歌是好歌，就是有点烧烟。
1043,"人妖不分，是非颠倒，有意思吗？
"
1044,两开花
1045,别忘了爱自己
1046,请愿网易云，把原版一生所爱版权弄回来[流泪]
1047,刘红珍我爱你
1048,该再见的人始终要再见 该结束的无论多久都要结束 无缘
1049,紫霞喜欢至尊宝，至尊宝喜欢白晶晶，白晶晶喜欢齐天大圣，齐天大圣喜欢紫霞，你以为齐天大圣和至尊宝是一个人，但是他们相差了500年。一切都对，除了时间不对。
1050,我知道日推有这首歌的人不是一般人。
1051,一生所爱 遥不可及
1052,什么情况？公主和王子的故事了吗
1053,我不记得在哪个电影里看到的了，孙悟空还有这样走的？！“师父，走！”
1054,今天看了《港囧》，徐来给杨伊写信，我不希望我们的感情像一罐过期的凤梨罐头，我把所有美好的期待都封存起来，一生所爱副歌部分响起。真是最喜欢的电影情节了。
1055,嘴里好像有口痰，想吐又吐不出来
1056,虽然很多不舍 但是不得不放下了 封闭内心 
1057,每个人都有一个一生所爱～LJM
1058,愿你永远看不懂大话西游
1059,似乎我们越走越远了
1060,求这个版本的吉他谱😬😬
1061,"朱茵之后，再无紫霞～
星爷之后，再无悟空～
大话之后，再无西游～"
1062,18年年度听歌报告提醒我一年没有听这首歌了，曾经最爱的歌随着最爱的人嫁人再也不听了。放手了，时隔一年多，再次打开这首歌再也找不回那种感觉了。
1063,[呲牙]
1064,2018.3.25我听了这首歌123遍[惶恐]
1065,孙→紫→至→白→孙
1066,2018.9.1 这一天 我听了44遍
1067,和前对象互删了  还是忍不住关注 他把个签改成了  “一生所爱  白云在外”  然后我才来听的这首歌  我们曾经换过至尊宝和紫霞仙子的情头  我们曾经的情侣空间背景是至尊宝和紫霞仙子  这次真的要放手了  ZJC 我要等那个超级喜欢我的人了 不等你了[星星]
1068,世界是那么大也是那么小
1069,一遍一遍得听着歌，想着一个永远不会回来的人。
1070,王小雅啊，现在说爱你还来得及么?
1071,装做不在乎的离开了最爱的人
1072,李靖贤，你走吧，到时候把婚纱照拍给我[多多大哭]
1073,我在用[多多比耶][多多比耶][多多比耶][多多笑哭][多多笑哭][多多笑哭]
1074,我们第一次一起听首歌是在13年的西游降魔的电影里。6年了，老同志，我们终于还是各自生活。都30岁的人了，祝你，幸福。
1075,小时候听这首歌的时候就觉得很伤感，那时候也不懂爱情，就觉得很伤感，不知道怎么形容
1076,这吉他作曲好听呐
1077,嗯 我喜欢你 我想 也许走的时候当面说出来会更轻松一些吧
1078,在世间  难逃避命运
1079,他们好遗憾
1080,永远是经典
1081,孙悟空眼镜一眨，“哎呀这女的太漂亮了！”，你们觉得很好笑，反正我是笑不出来，我的眼泪在肚子里打转。
1082,相亲竟不可接近
1083,大家听完都在谈感情，但我再次想吹一波这首歌的吉他，简直不要太棒
1084,这个版本的吉他编曲...真的太他妈好听了[流泪][流泪][流泪]
1085,有些人，错过一次，便是一生。
1086,看来是一个视频了，哈哈
1087,紫霞喜欢至尊宝，至尊宝喜欢白晶晶，白晶晶喜欢齐天大圣，齐天大圣喜欢紫霞，你以为齐天大圣和至尊宝是一个人，但是他们相差了500年。一切都对，除了时间不对。
1088,这个版本真难听
1089,紫霞喜欢至尊宝，至尊宝喜欢白晶晶，白晶晶喜欢齐天大圣，齐天大圣喜欢紫霞，你以为齐天大圣和至尊宝是一个人，但是他们相差了500年。一切都对，除了时间不对。
1090,开嗓起了一身鸡皮疙瘩
1091,她说她喜欢单身的感觉，然后我们就分手了，我知道这是借口，主要还是距离就是太远了，她想喝热水的时候，来给她杯子的不是你，哈哈哈~
1092,遗憾的是没有留下遗憾
1093,你怎么章口就莱！
1094,能看懂这电影，听懂这首歌的人，你已经不再年少，你是否也曾经经历了很多留下了很多的遗憾。
1095,你听过这首歌全部他的喉音？闭上眼你能感受到那种情深似海的悲爱
1096,别爱，爱就开花
1097,这个版本，一直收藏平时却静不下心来听，深夜听却特别有味道
1098,"爱一个人需要理由吗
不需要吗
需要吗"
1099,今天，真正听懂了这首歌。爱的人刚刚走丢了，兜兜转转，应该还会回到我身边吧。
1100,这几天放假，反复看着直播平台影视直播里重复播放的周星驰的电影，每天都捧腹大笑，笑久了又觉得心里很酸，越发觉得他没有一部是喜剧，皆是现实露骨的悲剧。。。
1101,"我早就知道了这结局
我知道 你更喜欢的 是她
好了啦
愿我们都不要回头了
这首歌是你第一首推荐给我听的歌
我会一直爱你
但不会等了
祝君好
2019.1.2.23.55."
1102,记得电影演完了，我在擦眼泪，你在笑，我就知道我们不可能了
1103,"酒好喝吗？ 不好喝。
喝了好受吗？不好受。
那么你为什么喝酒？
好睡。"
1104,"人间值得,长爱如歌"
1105,喜欢了一个明言拒绝自己的人，从关系不错，变得现在莫名的尴尬，从开始的在她的列表置顶，到现在置顶消失。从可以关心她，变成了普通朋友。最后暂定一约，若实习那年之前仍单身，便给一个机会。她说给我希望，怕我失望。是么？我不知道，我只知道站在让我放下，我才是真的悔。还有2年，祝自己好运吧。
1106,忍不住去翻你的评论   四年过去了始终不曾放下  过往都是你  但往后余生却没有你
1107,一生所爱，不回头太难，鼓足勇气回了头又和想象的不一样[大哭]
1108,你喜欢的女生名字里面有“娟”吗
1109,刚看的一句话:没有遇见就不会告别，但没有告别又哪来新的遇见。
1110,我们还是有遗憾啊 无法弥补了啊 你跟我不是一个世界的啊fjy
1111,幸亏长得丑，不曾经历过在座各位的爱恨情仇[大笑][流泪]
1112,分开之后连见上一面都比孙悟空打怪难，果然缘分这种东西是奢求不来的
1113,愿上帝保佑你
1114,你是我不曾见过所有人间
1115,太隐晦，大胆点，有什么，失无可失。
1116,不知你姓名，只想告诉你，一生爱无枷锁。
1117,哈哈哈
1118,“聋子听见哑巴说瞎子看见了爱。
1119,时间会帮助你的
1120,可现实中我还是活的很糊涂。
1121,唉。
1122,周星驰的电影多数就是普通人的爱恨情仇。
1123,"我爱一个姑娘
她叫贝贝
我等她五年"
1124,我哥们240要不换成他来
1125,如果可以重来，我一定会珍惜你，夏薇薇
1126,众生皆苦[多多难过]
1127,周星驰其实也演的是悲剧然而我一直以为是个喜剧
1128,孙悟空有几个女妖朋友啊？
1129,我好想做城墙下的那条狗啊，至少能看见，我们下辈子又做了一回情侣。
1130,我不信命，但我信因果。
1131,加油.陌生人
1132,其实.我还是会时不时的去你微博翻看下你最近的动态.
1133,苦海，翻起爱恨
1134,唐韵你还好吗？
1135,我知道你已经放下了，离哟很远很远了
1136,载她的马车已经走远[心碎]
1137,YRH，这辈子，就此别过。
1138,真的很喜欢很喜欢你来着，现在也是，可惜，去找你，跟你说句话，哪怕是发个消息的勇气，却是怎么怎么也找不回来了，或许，等我酿出第一瓶葡萄酒的时候，才会给自己借口，勇气去见你吧
1139,真羡慕你们，起码还可以思念爱过的人，今天21岁整的我却还没爱过💔
1140,注视，拥抱，热吻，抚摸，融合……情到深处，好像也只有这种方式能表达吧？
1141,枯了T﹏T
1142,你是我见过唯一个知道这么清楚的
1143,周星驰是倒了大霉才遇见了朱茵
1144,你可拉倒吧，别拿朱茵消费星星
1145,突然就不知道说什么了
1146,不知道怎么了，今晚好想听这首歌
1147,2019.1.1新的一年祝愿大家一定遇到真爱
1148,晚上再看了上下部大话西游，仙履奇缘最后淡淡的响起这首曲子，紫霞得到了她的一生所爱，孙悟空也满足了吧。
1149,真的是     苦海翻起爱恨，
1150,喜欢了你四年，也等了你四年，我不知道我是否已经放下，今天突然刷到了你的动态，你还是一如既往的漂亮，和你现在的他也很般配，他也比我会照顾你。我只希望我能在你的婚礼上多喝几杯，和你现在那位
1151,你看那个人，好像一条狗啊
1152,早晚有一天 你也会像他一样 走在路上 像一条狗
1153,忘尘啊
1154,从今天起，我真正感受到失去的感觉，2019我孤单前行
1155,柴静
1156,2019年了  我和别人在一起了  我会忘了你的
1157,喜欢那句，从前，现在，爱还在
1158,这首歌刚好一根烟的时间。但我不知道我抽了多少包了。
1159,在世间 下一句！
1160,嘻嘻，本命年第一天，明天跟他一起去拍至尊宝和紫霞，开心
1161,记得曾经我看评论的时候只有4000多
1162,喜欢xll呀
1163,唉   朱茵   星爷
1164,为什么听了会哭啊
1165,恭喜你们！陌生人，愿你以后每天都会像今天一样幸福
1166,最后的最后你成魔我成佛，形同陌路，再也不见。[哀伤]
1167,是林志玲哥哥还是弟弟？
1168,2019我依旧爱林志涛
1169,相濡以沫却还有下一句不如相忘于江湖
1170,2019.1.1.我和暗恋了两年的她在一起了
1171,不用在原地等了，我腿都站累了，可人家每次都选择绕着走……
1172,我经常一个人去吃火锅……
1173,把这首歌分享给他了，希望他能听懂。
1174,在地球最后的夜晚，我弄丢了最爱的人。从此朝是你，暮是你，朝朝暮暮也是你。
1175,谢谢
1176,也许爱就是这样 
1177,我还是选择放下了，这是你最喜欢的歌，你以后也会找到更适合你的，祝安好
1178,2019希望你更好，我喜欢你，不知道为什么最近感觉你和我一下不太好了，希望新的一年别在讨厌我了，做朋友也行😄
1179,她的手只有我手的四分之三那么大，可是我还是没能抓住
1180,2019了，何琳请不要讨厌我
1181,我很讨厌抽烟 抽完烟我总会头痛  可是我老是想起来以前的一幕又一幕 我知道是我想的太多  所以我自己切掉了这段回忆 可是我晚上已经抽了六支烟了  它越来越难以压抑了
1182,我们都是看着别人的爱情，回味自己的故事。
1183,你就留在2018吧，彭先生。
1184,我爱了你今年这是第七年还是第八年来着？反正我们已经有好几年没见了。
1185,2018我弄丢了最爱的人。
1186,听到这首歌尤其晚上总是想起某人，祝你幸福。
1187,帮你许愿辣 遇到那个无敌爱你的人   我就当个开心的旁观者就好
1188,没有工作，如何爱你，有了工作，分隔两地。
1189,去年，我说明年这个时候我们还要一起跨年啊。可惜啦，我们刚好在昨晚走散了。愿你安好。
1190,亲爱的小王子。二零一九年了呢。
1191,1月1日 00:52 ktv 背景音乐是一生所爱 周围很吵 我很想你
1192,希望。。。
1193,2019想我爱的人能爱我
1194,2019  伟伟 你要快乐，所有好的都在后面，好运都给你❤
1195,再听歌已是物是人非，我们还是没能走到最后
1196,"再见，2018
2019，人生苦短，元气满满"
1197,圣诞分手了，三年了。我该怎么过年，请告诉我，谢谢
1198,一不小心把心爱的东西摔坏了  再也买不到了 也不能后悔了 只能找下一个喜欢的东西
1199,一生所爱  会是你吧
1200,再见，2018。说不上后悔或者无悔，是生活造就了我，还是我的本性影响了生活……总之，认识你真好。
1201,今天晚上跨年演唱会李健唱了这首歌哦！
1202,王龙ying
1203,我其实只想在跨年演唱会听到他这首歌
1204,马瑞
1205,到头来，我不是孙悟空，也不是至尊宝，终究成了城墙下的那群人，看着别人的爱情，咀嚼自己的青春。[多多笑哭][多多笑哭]
1206,从前，现在，过去已再不来。再见2018。
1207,假装没看见，却用余光吻了千万遍
1208,"相交除了重合，都是痛苦的：
相交瞬间得到，然后永远失去"
1209,2019你好啊，加油
1210,厉害了，丑奴儿·书博山道中壁（辛弃疾）
1211,2019，你好呀！
1212,2019年了，元旦快乐
1213,今年我不再喜欢你了
1214,星爷这辈子很寂寞，时光慢慢过去，现在的星爷已经老了，还是年轻帅！！！
1215,记N年前看大话西游是因为那些无厘头画面确实好笑。那时的笑是前府后仰，得意忘形以至于坐在火炉边差点被烧...今日又重温，有些桥断和画面仍然让我发笑，可这次笑着笑着又哭了，更可笑的是竟然没有以前看时的纯粹了，这是怎么了...
1216,她是重点，圈起来要考
1217,可惜我看过的 分过一次手 总会因为相同的理由分第二次 第三次 希望你们能够解决根本问题 真的希望
1218,TM真的假的你别骗我我艹你要是骗我我今天要睡不着了啊
1219,我有点激动怎么办。今晚跨年李健要唱这首歌！！！提前来占位置
1220,我高二，她高一，分手了 。  大学之后她怎么办？ 好渣啊我
1221,冬天的下午，阳光很温暖，调电视看到6套在放大圣娶亲，三年前认识她的时候我也在看大圣娶亲，三年后她不在我身边，心里说不出什么滋味三年里，爱的时候像紫霞 恨的时候像白晶晶 坏的时候像牛魔王 可我不是孙悟空 戴不了紧箍咒也不能洒脱放手 我是一个凡夫俗子，一生所爱未必一生所待，如果有 不再放手
1222,柴静对星爷的采访，能看的出来星爷是真的很高兴很欣慰有人懂自己啊
1223,而唐书琛创作时，也是被“五百年的爱情苦海”所打动，只用了两个小时就完成了创作。
1224,人生啊，最棒的是不后悔，最难的是不遗憾……
1225,我喜欢一个女孩 喜欢她7年了 分手5年后 她终于回来了昨天我们终于在一起了 现在异地 我们还要受到很多考验 我已经失去了一次 我不想再失去了 加油
1226,错过了两个，第一个没勇气追回来，第二个努力了却回不去了。
1227,再见，刘小姐。
1228,某些电影啊，孙悟空叫妖精叫晶晶，
1229,生活中有太多无可奈何的选择。社会就像江湖，总是让人身不由己，言不由衷。
1230,"因为遇见，所以告别
因为告别，所以会有新的遇见
因为总是在告别，所以更加懂得加倍珍惜。好好活着，人间值得。"
1231,一生太短 一瞬好长  可惜不是你陪我到最后
1232,敢问这位兄台多高多重
1233,我希望我永远都不要看懂大话西游
1234,"“你也有这个感觉吗？”
“对”
“谢谢你啊，谢谢”"
1235,这部电影的主办方是要向全国人民谢罪的呀
1236,剧本是周星驰写的
1237,在
1238,感触
1239,明明有20多万的赞却只有1万多的评论，寂寞的人太多……
1240,M4，我滴M4啊
1241,当一个男孩子错过最爱他的那个女孩时，这辈子都不会再遇见更好的人了
1242,我已经胖到了150斤了
1243,"长大了才能看懂《大话西游》，经历了才能听懂《一生所爱》。
十年前看到《大话西游》笑的前仰后合，笑的肚子疼；十年后看完再也笑不出来。
如果有一天，让你心动的再也感动不了你，让你愤怒的再也激怒不了你，让你悲伤的再也不能让你流泪，你便知道这时光，这生活给了你什么，你为了成长，付出了什么。"
1244,没什么爱不爱，都是苦海罢了
1245,希望你一辈子都不懂，我初中也不懂，觉得不好听，糟老头子无病呻吟而已，高中，我失恋了，同学安慰我的时候说起这部电影，听到这首歌，我哭了
1246,留
1247,我觉得最幸运的是能多看你一眼
1248,前奏好听到炸了
1249,刚看，哭了
1250,"人总是把最好的东西糟蹋以后
才开始感慨人生若只如初见
希望你能明白 覆水难收  别回头"
1251,"雪花一片两片三片，
落在我肩头，那是你曾哭过的地方。
叹息声还在，
而谁又能知道。
重逢比相遇更难呢？"
1252,你说的一万年呢
1253,明白人[西西机智]
1254,白小姐，我爱你，我们谁都不能丢了谁
1255,开始懂这首歌了
1256,我们终于知道，人生是一场有一场告别，人生也是一场又一场相遇
1257,我的一生所爱又会在哪呢？
1258,小的时候遇上心动的女孩就会去喜欢，就会去努力追上。而现在，第一反应是害怕。
1259,"又要一年了,还在你身边吗？"
1260,虎牙直播👻
1261,今天是2018年12月30，我看着大话西游，收到你的信息：我们只是朋友。两年的青春，陪你从失恋到有新男友，你说我是你无话不说的男闺蜜。呵呵，不得不承认，其实我是一个很好的备胎吧，我还是高估了我在你心里的位置，我就是个千斤顶。2019.1.1在济南见你一面，我就撤了。再也不见，ZYX。——LJ
1262,哈哈，真巧
1263,有时候，你以为会是一生一世，但到最后，却发现一瞬间就可以改变所有。有时候，你总觉得很难继续，过着过着，就是一辈子了。所以感情的事情，真的不是你能计划好，也不是你可以预料到的。有人今天愿意为你付出一切，明天可能就相别陌路。所以，爱不随人愿，只留真心人。 ​​​​
1264,遇见你 满是心酸 皆是遗憾
1265,12年3D版泰坦尼克号重映，和相恋四年的她去看零点首映，结束后她去给我买水，被一辆酒驾车撞飞，抢救无效。现在是2018年12月30日，她去世已经6年8个月27天，听着这首歌，如今27岁的我，多么想念永远20岁的她。杰克对露丝说，赢得船票是他最幸运的事，我想对天国的她说，遇见你，是我最幸运的事……
1266,为什么现在都是这样版本的，真心觉得老版本的好听
1267,斗过那妖魔，成了这般佛。如今你已不在。既成魔，又如何。
1268,这是啥 和星爷电影的不同呃
1269,可能现在就只有她不知道我很爱很爱她
1270,刚刚看了这个视频  听到这首歌
1271,以前看大话西游笑个不停，现在却觉得莫名的心痛
1272,再见，2018！念，相遇；敬，分别；忘，苦痛；迎，新生。人间值得，爱已成歌
1273,分开之后我看了好几遍大话西游，你也一直是我列表里备注的一生所爱。但是，真的不要质疑我对你的爱，喝了无数次酒，也醉了无数次，都可以忘的了，唯独你不行。或许你已经不爱我，你觉得我对你的爱都是假的，但是我从没有爱过一个女人到心里，你是唯一一个。也许我该放下，世界变了，你也变了
1274,"突然想到了 剪刀手爱德华 的一句台词：

If I have no knife,I can't protect you.If I had a sword,I can't hold you.
如果我没有刀，我就不能保护你。如果我有刀，我就不能拥抱你。"
1275,我早就知道他会离开，但为什么要如此卑微
1276,我不是孙悟空，不是至尊宝，我是城墙下那一群人中的一个，观望着别人的爱情，咀嚼着自己的青春，活得像只狗。
1277,你给我说完分手的时候，转眼就下了今年的第一场雪，不知道是太巧了，还是我太悲哀了
1278,小时候，到邻家玩，看到这部电影，看不懂！今天自己一个人独自看完了，挺有感触的！如果可以，只是。。。
1279,"小时候看电影觉得好奇怪，我怎么看不懂
长大了看电影觉得好心酸，怎么这么真实"
1280,爱了也再不来。
1281,说到齐天大圣，就想到……算了，直接开花吧
1282,终究我成了佛，无法在回念你的唇
1283,这个版本不如原版
1284,如果世界上有一万个人爱你，那里面绝对有我，如果世界上有一个人爱你，那绝对是我，如果世界上没人爱你，那证明我死了
1285,今天下初雪，脚踩在雪地上，听着歌看向飘雪的天空，所有的感情都涌出来了[痛苦]
1286,徒手摘星 爱而不得 世人万千 难再遇我
1287,廷吧哥哥
1288,一生所爱在哪里
1289,“昨晚你念晶晶的名字98次，哦，晶晶是我的娘子，还有个叫紫霞的你念了784次，啊！这紫霞一定欠你很多钱。”
1290,你走了我连个聊天的人都没有了…
1291,"GJT我爱你，

可是你却爱着他"
1292,就那样呗
1293,我们会一直用这个猪，直到生宝宝那天我们可以再添个猪
1294,五点醒来就想一直重复这首歌
1295,我娶了前途，你嫁了生活
1296,记得电影刚出时 我就和好朋友一起看了 你说你想看 我就我陪你去啦 那天我记得很清 我们刚放假 你和你前男友还没分 偷偷和我去的 我陪你去了 当时唯一一家还放着这个电影的影院 你看哭了 今天我们分手了 你说我不上进 说不喜欢我了 我希望你的意中人是个盖世英雄 而你是我的一生所爱
1297,都要说至尊宝和紫霞仙子没能走到最后很可惜 那白晶晶呢？
1298,一生所爱fs
1299,刚刚看了刘德华 重温了香港电影 慢慢的回忆 都是童年啊 不知不觉已经湿了眼眶  00后
1300,哭😭了
1301,"听歌留个评论😜
不要你是至尊宝或者孙悟空🙇
不愿你头戴金箍或者脚踏七彩祥云☁
就做一只普通的猴子吧🐒
陪我看看日出日落看看高山大海🍃
陪我一起吃饭散步聊天溜溜狗💕"
1302,我：努力是为了什么啊？                                                 爸：为了让你在夹菜的时候别人不敢转桌子。
1303,失眠不总是在夜里
1304,"所有的情情爱爱，都在一句喜欢中。
所以就算你走了，你依然是我最初的梦。
愿你披上婚纱时，送你得人是我，至少这样，我可以心安理然"
1305,有灵魂的人 有灵魂的歌声
1306,我曾经放弃了她去寻找我的紫霞仙子，待我走出半生才发现，原来我已经错过我的紫霞仙子了。
1307,愿漂泊的人都有酒喝，愿孤独的人都会唱歌。愿相爱的人都有未来，愿等待的人都有回答。
1308,"“我很孤独用英文怎么讲”
“I Love you”"
1309,热评的通通排队谢罪
1310,一生所爱在白云外
1311,我特别烦的一件事发生了，我很喜欢大话西游，可是这首歌听了很多年，可是依然没什么感觉，可要命的是今年，我听懂了....
1312,还是下面的翻唱好听
1313,老人说，推开想要的东西，才算真正的成长
1314,不喜欢也没关系……
1315,才几点
1316,这六万多评论里有一条是我写的，就这样，继续失眠去了。
1317,这曲是欢乐版
1318,到头来，我不是孙悟空，也不是至尊宝，终究成了城墙下的那群人，看着别人的爱情，咀嚼自己的青春。
1319,我以为爱情可以填满人生的遗憾，然而，制造更多遗憾的却偏偏是爱情。
1320,啊，确实[大哭]
1321,我这辈子忘不了一个叫刘莹莹的女孩。
1322,我这辈子，是逃不开张红了……
1323,我羡慕每首情歌下你们简短几字却令人动容的爱情故事。有的悲伤，有的执着，有的甜蜜，有的遗憾……唯独没有我的故事。我搜尽回忆，念无可念，听歌只是听歌。你知道我有多羡慕你们么……
1324,爱你
1325,喂，我说从前啊，你看看现在，像不像一条狗
1326,"头不戴金箍便不能保你安然，
头若戴金箍便不能与你相伴。"
1327,原以为当你结婚的那一刻，我能微笑地献上祝福，为你感到开心，可想不到当那一刻真正来临时，内心竟会感到无言的伤痛，难以释怀！！！
1328,那也挺大的了
1329,不戴金箍，如何救你，戴了金箍，如何爱你，戴了金箍不能爱，救不到，还不如皈依我佛，阿尼陀佛！！
1330,律师函警告
1331,刚刚看完大话西游，在我看来至尊宝对紫霞仙子和白晶晶的爱都是认真的，只是相差了五百年，然而 在错误的时间遇见最怕认真。
1332,命运如此吗
1333,大概是忘不掉了
1334,"我在深夜想你 在清晨忘记 如此反复 还是爱你
我在去年底说 我们还是朋友吧 我在今年底接受我还爱你"
1335,曾经有一份正二八斤的爱情科到我面前，我张都不得张，等倒楚脱哦才晓得归一哦，人生最干影勒事逗是这种，如果老天让我再来一盘，阿么我会对啊个姑娘说五个字，“老子喜欢你，如果古倒要在这份爱上加个期限，我巴不得是一万年！   看得懂的给个赞  谢谢！
1336,结婚6年了。她3年。
1337,我当然还爱她，但永不能让她知道了。
1338,我不爱她了
1339,[爱心]
1340,我 好想你
1341,"——“你还记得她么？”
——“早就忘了。”
——“可我还没说她的名字…”"
1342,刘冀丹 明天就可以见到你哦 真开心 这几天啊 一直就想着你 你看 是不是有点心灵感应呢 所以就能约着一起吃饭喔❤️
1343,周星驰演了一辈子的悲剧，却被称作喜剧之王
1344,求伴奏音乐
1345,少年时不懂社会复杂，生活困难
1346,别人翻唱最多只是凄凉，只有他自己能唱出死了老婆的味道
1347,那个人样子好奇怪，他好像一条狗啊
1348,想哭
1349,江先生 我爱你 请不要把我弄丢了
1350,少年初听时第一感觉是唱的什么玩意难听死了。
1351,我本不想成为曲中人。奈何我没办法！
1352,章口就来，但是你来错地方了
1353,我没有那么难过了。因为被你接二连三的欺骗伤害，我长记性。认识你的时候觉得你是大哥是硬汉是外刚内柔的男人，你会对你的女孩儿温柔体贴。可一次一次的，我觉得你真的跟那些男孩子一样的千篇一律，一样的肤浅庸俗，不值得耗费我一分的深情。
1354,不应该出现在这，
1355,这首歌有的感情是我们难以估量的
1356,原本就是不会有什么一生所爱的吗？人不是长情的物种，男女都是……所有跟情无关？只跟需求有关？
1357,你看那个人 好像一条狗啊
1358,六学家，章口就来
1359,[吐舌]
1360,"曾经有一份真挚的爱情放在我面前

我没有珍惜

等我失去的时候

我才后悔莫及

人世间最痛苦的事，莫过于此

如果上天能够给我一个再来一次的机会

我会对那个女孩子说

明年年初，中美合拍的……"
1361,对不起啊 我没能成为你喜欢的样子
1362,"愿2019能有那么一点不一样[心碎]
惟愿"
1363,现在的我就是那条狗
1364,你看那个人好像一条狗
1365,那些坏的 留在这一年吧
1366,这个版本有那么一丢丢过头的感觉
1367,时间真的是让人措不及防的东西
1368,你过得好我会不开心，你过得不好我又会心疼 人真是一个矛盾体
1369,"我问你喜不喜欢我，你总让我猜
我猜你不喜欢我了
你走了，看来我没猜错"
1370,"我们从无话不说到后来的无话可说
再是现在老死不相往来
你开心了么，我很难过"
1371,紫霞爱至尊宝，至尊宝爱白晶晶，白晶晶爱齐天大圣，齐天大圣爱紫霞。至尊宝和齐天大圣是同一个人，但却相差了500年…[皱眉]
1372,今晚看完星爷和朱茵演的大话西游，跑来听主题曲，没想到心里更加凌乱了
1373,"有时也不是真要得到，
得到了又怎么样了呢？
还是没能力得到错过了呢，
不悲，怀念。"
1374,你们还真是张口就莱
1375,我不是孙悟空，不是至尊宝，只是城墙下的一个路人，观望着别人甜美的爱情，活得像条狗。
1376,咦
1377,为什么要那么绕
1378,我曾以为我不会后悔
1379,一辈子很短的，嗖~就过完了，得不到那个一生所爱的人的话就狗着活着算了
1380,我活了十八年，本以为没有爱过任何人，不论是父母还是女友，但当着旋律响起，眼泪却不受控制的流了下来，是因为孤独吗？我还是不懂。只知道，这是唯一一首，让我流泪的歌。
1381,硬生生唱出来民谣的感觉
1382,她的手只有我手的四分之三那么大 可我还是没能抓住
1383,再见，2018！念，相遇；敬，分别；忘，苦痛；迎，新生。人间值得，爱已成歌———《一生所爱》
1384,我变成了又老又渣的那个人，可每当想起你的时候，依然会红着脸想穿这白衬衫给你看……
1385,一生所爱 远在天外
1386,谢罪警告
1387,这个不会两开花，放心了
1388,高三单招过后我去了广东，电子厂斜对角有个琴行，老板很年轻。下晚班去街西头超市买东西，路过琴行，看到老板在店外自弹自唱这首歌，我瞬间就走不动了。
1389,情人的眼泪，刚喝到嘴里是甜的，咽下去是苦的，越来越苦闷，像极了你们口中的爱情
1390,神也应该有情感，神和人，没有那么大的隔阂
1391,我是不是学不会粤语了，舌头都快咬没了[大哭]
1392,我想知道为什么大家有这么多相似的故事
1393,你以前总喜欢教我选择题，你选择离开，而孤独和烈酒，我都选了
1394,"小时候每次看大话西游总会笑个不停，长大后看大话西游却如鲠在喉。
明知再看大话西游就是找罪受，仍忍不住冲动。
大概是借此来怀念心中紫霞仙子，亦或是来宣泄对生活中种种无奈的慰藉。
也许这就是成长的代价吧！
别再回头，明天在前方等着我们……"
1395,"我曾经最好的朋友也说过这句话，
可惜
她走了
或许永远也不会再见了
但我希望
她还好❤"
1396,爱你
1397,我的微信头像是孙悟空踩着七彩祥云 我用了两年的时间 直到遇到了你以后我们换成了情侣头像 三生有幸遇见你❤️@宫旭亮  我爱你呀
1398,以前的我争强好胜，在乎缘分，现在的我信佛，佛看面，人看缘，我只相信一切皆有定数，我依然争强好胜，但已不在乎缘分，世间有我，便有这世界，无我便无。造孽者必有报，南无阿弥陀佛！
1399,从你的全世界路过
1400,我朋友失恋了哭成狗，我不知道怎么安慰她，因为几个月前我也在独自一人的黑夜里哭成傻狗。我只跟她说了一句多哭几次就能不痛了。
1401,想要救紫霞就必须打败牛魔王，想要打败牛魔王就必须要变成孙悟空，想要变成孙悟空就必须忘掉七情六欲从此不能再有半点沾染。人生就是这样：想自由地和心爱之人在一起必须要事业有成，想要事业有成就必须要抛弃天真戴上面具，当你变得有能力给心爱之人一切时，却发现找不回最初的自己亦失去了爱的能力。
1402,终于知道什么叫痛，表面的痛是一时，心痛是一世
1403,"不让遗憾成为答案，愿我们来日可期
再遇见时，我们都要更好"
1404,别睡太晚别爱太满，加油
1405,你是受了多大的委屈才通宵到凌晨，又是有多少爱而不得才听到泪流满面
1406,终有一天你的意中人会牵着七彩骡子来嫁给你
1407,这不是刘镇伟的电影吗？
1408,小白鸟，我爱你，一想到最后我们可能不会在一起就很难过，可我也想着余生几十年陪你一起过，有时候，我想，如果我是男儿身，是不是可以光明正大的爱你，很多年后，希望还能爱你，最后，每天都要开心鸭。
1409,"我不删你好友
不取消关注
也不删你电话
我要做的是
不温不火
不冷不热
我就是要你看着我的一切
我所有的动态
都与你无关
又在你身边
不吵不闹
阴魂不散"
1410,她的手只有我的手四分之三那么大，可我还是没能抓住
1411,"曾经沧海难为水 想到哈利波特里的斯内普
Always [大笑]"
1412,包括所有高中数学
1413,"时间的力量确实不能磨平所经历过的沟沟壑壑，但是它却能一点一点的去慢慢填满那些空缺;虽然和之前不一样，也许这就是生活。
所以我的绍绍走了，我再也找不回来了。"
1414,就是因为不相交才叫渐近线  杠精
1415,相亲   却真的不可接近💔💔💔💔💔💔💔
1416,怎么这么扎心
1417,我想你了，也只能想你！
1418,哪都不想去，想等我的小朋友一起读大学，一年四季都是你。
1419,你是最好的回答
1420,爱过以后会知道，金箍是一个羁绊，没了金箍，便没了前尘后世，留下的只有各自安好再无瓜葛
1421,周星星祝你幸福。
1422,刚逛淘宝看了一个包包很好看，想买给女朋友，选择收货地址的时候我才发现我已经没有女朋友了[多多大哭][多多大哭][多多大哭][多多大哭]
1423,你们都要盖世英雄，其实说白了，大抵都是贪心，喜欢能征服你整个世界的，殊不知做山贼的他才是真正快乐的，能给你撑起世界的时候，也是他无法再为你付出的时候。
1424,超级喜欢看网易云的评论，感觉不那么孤单了。
1425,初闻不知曲中意，再闻已是曲中人。
1426,从前 现在 过去了 再不来 
1427,初闻不知曲中意，再闻已是曲中人。既然已是曲中人，何必再听曲中曲。曲中轻忆梦中人，梦醒时分叹红尘。曲终人散梦已醒，何处再寻梦中人。
1428,回得了过去，回不了当初啊。
1429,她的手没我大，我仍然没抓住
1430,携手走到生命尽头的那个人 不一定是最爱的那个人
1431,3也是散
1432,像条狗一样
1433,单身一时爽，一直单身一直爽
1434,我失恋了 我们从来没爱过对方😆😆😆
1435,心动模式里突然听到这首歌，觉得外面吹的冷风都应景了。
1436,对不起
1437,一生所爱可....
1438,有缘还会遇到的
1439,看着评论好像只有我抓住了爱情[亲]
1440,买单没有？
1441,相交了还能叫渐近线？这句话太出戏
1442,理想也没嘲笑[多多大笑]
1443,我在努力..你能不能先不要喜欢上别人
1444,一生所爱，那必定，在某个地方，角落，相遇
1445,嗯嗯。
1446,不只是在贵州啊
1447,左上角看到没？滚吧
1448,难听
1449,大话西游说的是一个男人成长的故事
1450,加油哦
1451,雾里看山别低头
1452,[多多无语]
1453,没离婚三次婚唱不出这感觉
1454,愿相爱的人都有未来，晚安[爱心]
1455,从极限角度来说双曲线顶多和渐近线相切永远不会相交，但可是又从函数在有定义区间上的连续性来说，无论曲线如何变化，切线也跟随着变，永远不离弃...
1456,我会的
1457,王先生，我真的特别害怕，害怕你会和前任姐姐复合，我都说了那么多，你为什么还不懂，难道我要明示你可不可以做我男朋友吗？你最喜欢的数字是3，我还是不是你的33了？
1458,前奏是真的让我心神迷乱
1459,高考倒计时，不如说与你一起的时间在缩短，164。。
1460,相切不代表相交
1461,爱也不得[心碎]很心酸。他为了让我考个好大学对我说不喜欢我了 我很伤心 和其他人谈恋爱了 他知道了非常伤心 我送他的手链什么的都没戴了 现在分手了 我正在用力挽回他 我想对他说一句“我在未来等你”都很难[心碎][心碎][拜][拜]希望10年后和我和他能躺在一起看同一部电影 听同一首歌曲[心碎]
1462,但是别忘了曲线上又有无穷个点都有线段与之相切
1463,我听懂这首歌了
1464,喜欢一个人很久了，在他高中要毕业的时候，去偷了一张他的证件照，珍藏了3年，今天它不见了。
1465,吉他弹唱。
1466,无论你在哪，无论你几岁，无论在你身边的人是谁，你都是我的一生所爱。圣诞快乐啊，罗铭同学。
1467,感情理的明明白白的，就是有点心酸
1468,看一遍大话西游，在百度视频里却找不到大话西游
1469,所以就更骚动[多多捂脸][多多捂脸]
1470,看了无数遍，还是喜欢
1471,那天晚上我奔到你的城市，你不愿见我是对的，再见你一眼，哪还能离开你。你将拥有你的妻，也有女生接受了我和你的过去，终究我们没有勇气一起对抗整个世界。你说不要像你一样，活的那么压抑，一个人也挺好。然而我早都做好与世俗一绝生死的准备，只要是和你在一起。你心中的苦，也是如此吧
1472,"喜剧就是把一个特别美好的东西打破给人看的。
十年前看到《大话西游》笑的前仰后合，笑的肚子；十年后看完再也笑不出来。
网易上有人评价道：如果有一天，让你心动的再也感动不了你，让你愤怒的再也激怒不了你，让你悲伤的再也不能让你流泪，你便知道这时光，这生活给了你什么，你为了成长，付出了什么"
1473,6体用的不错
1474,又看了一次。我不会想着已经看了多少次，因为如果这样我就要想这样的事情要发生多少次。
1475,终是悟空别了佛，输了紫霞入了魔！
1476,祝你快乐  你可以找到更好的
1477,那么分手快乐。
1478,哈哈哈哈哈哈没毛病
1479,喜欢这个版本的
1480,聊的来就行，就怕年龄差距大了有代沟
1481,还以为她12
1482,其实99八十一难，八十难都是唐僧的心魔，只有女儿国才是唐僧真正要渡过的
1483,每个男人都想当至尊宝有梦想的日子，简单快乐，却不得不戴上紧箍咒，变成齐天大圣，但你会失去很多，生活就是紧箍咒，社会就是牛魔王，父母就是唐僧，紫霞就是梦想，可是。。。。。你却活的像条狗！！
1484,相逢恨晚，造物弄人
1485,单身看啥都是羡慕，还在乎啥年龄。[大哭]
1486,永远的周星星
1487,我喜欢一个比我小四岁的弟弟，我21。我很纠结，他可以不懂事，但是我不能。我也想错过算了，后来想想，爱就爱了，你怕什么。结果怎样你管呢？错过比爱过要遗憾很多。都是活这一辈子，妥协的东西越来越多，我要和谁在一起是我的事，不能妥协。虽然一把年纪，心中老鹿蹒跚的，但是该撞还得撞！
1488,我会努力的💪 云村人的总是这么暖心
1489,外人面前假装开心.深夜辗转反侧.每天敷衍着别人.谈着自己并不喜欢的恋爱.在自己并不喜欢的环境.再也找不到以前的自己了.从心底的无力感奔涌而出.
1490,住人间，孰为大圣?看现世，一把金箍。
1491,"想做一个又酷又温柔的人
对一切美好的人和事轻柔和善"
1492,陌生人，别后悔，一辈子很短，如白驹过隙，七分天注定，三分靠人为，人生注定矛盾，只望你不要悔过。
1493,武汉的淼淼啊，我的小可爱，我们之间差了八岁，我二十，这个年纪的我，不敢去向你表白，因为我什么都没有，你比我大，我不想你陪我一起吃苦，所以，，对不起，我爱你，但你有比我更好的选择。所以。。。
1494,戏说不是胡说，改编只能我编
1495,今天又在家里面怼了几句 ，我好委屈感觉全世界抛弃了我，把你也弄丢了，都是我活该 活该 自找的 自找的，最恶毒的语言放在我身上也不为过。我给不起你想要的身份，尊重你离开。对我来说是地狱，对你来说是解脱，10年的时间是我没有好好珍惜，没有好好对过你。一直想对你说声对不起，也从来没说出口过，
1496,消息已发出，对方拒收。这一天都想着你彻底离开了，眼泪痛，胃也痛 ，人也感冒了 。我的世界一片黑暗在下着雨，时间并不能淡忘一切，告诉自己要坚强，不要哭不要哭可就是忍不住，一定是泪腺出现了问题 ，才会让我忍不住流泪，在难受也不能联系不能打扰。
1497,小王八狗我爱你我这条老王八狗会等你的！。。。。。会
1498,爱情有多伟大就有多卑微
1499,从前有只小猴子，肚子被树枝划伤，流了不少血，它见到一只猴子就扒开伤口说，你看我的伤口，每个猴子都安慰同情它，告诉它怎么治疗，它就继续走啊走继续给朋友们看伤口。后来它因为感染死了。一个老猴子说 如果它一开始就包好肚子的伤，不给别人看伤口，伤口就会慢慢愈合，不会有后面的故事了
1500,加油，改变自己
1501,文体两开花
1502,因为，，能写的出情歌，就代表他懂得情，所以也多情，也更能拿捏的住你的感情，所以……
1503,一直有个疑问，那么多情歌都出自男人，为啥背叛多的也是男人，谁能给我个解答，在线等……
1504,很多时候都像“我带上紧箍咒就不能爱你，不带上紧箍咒我没法救你！”而救你我就不能爱你，不救你我只能隐忍卑微的活着！老天给出的是没得选择！我爱你，但生活只能让我选择努力的生活着，而你才能在更好的生活着！我不是孙悟空，你也不是紫霞，但我的生活像极了孙悟空！不是不爱，是不能爱！
1505,不以物喜 不以己悲
1506,哪个有尹正版的
1507,我也十七
1508,兄弟[多多捂脸]
1509,我想问听这首歌的人都多大了，我17，星爷一直是我最喜欢的演员
1510,你多大了
1511,少年不识愁滋味……
1512,别人的 。
1513,[可爱]
1514,这一生很难，要和他人竞争，还要和自己对抗
1515,初见大话西游只觉吵闹，再见大话西游只觉悲凉
1516,今天看《下一站传奇》，忽然发现罗杰的舞蹈真的很动人~
1517,好吧
1518,知道为什么这条没上去嘛，因为你有才是那群人
1519,唉！
1520,他为什么会自卑呢
1521,"12.24删掉好友，从此天各一方
记得音乐响起时，那个戴金箍儿的扛着棍棍一摇三摆，所以也愿我们从此安详如昨"
1522,我问了不知道多少句，“你爱我吗”“你还想跟我分开吗”“你愿意跟我在一起吗”。我甚至不知道这一瞬间，我怎么就放下一身骄傲卑微低到尘埃。问你千遍万遍，只是为了告诉你，既然我爱你，而你也爱我，就千万不要留下遗憾。我不想在转身的时候，像一条狗。
1523,我问了不知道多少句，“你爱我吗”“你还想跟我分开吗”“你愿意跟我在一起吗”。我甚至不知道这一瞬间，我怎么就放下一身骄傲卑微低到尘埃。问你千遍万遍，只是为了告诉你，既然我爱你，而你也爱我，就千万不要留下遗憾。我不想在转身的时候，像一条狗。
1524,两开花
1525,刚刚二刷，珍惜眼前人
1526,说到西游记
1527,我现在不孤独了
1528,欲言又止 太多情太多感 只言片语难道尽
1529,世上安得两全法，不负如来不负卿。
1530,wsx
1531,六小齡童還痛斥大話西遊不是好貨，您這位倒背如流的高人是否走錯劇場了？
1532,"谢谢你的心意，我有喜欢的人了。
你的回话凌乱着…
算了…从此以后，你好好爱他，我四海为家。"
1533,为什么女人会如此绝情。三年的冷漠回应终于让我走出来了，突然那么一瞬间解脱了，终于也不在那么那么的想一个人。17岁的初恋，再见。
1534,离我们在一起五年了 离我们分手三年零三个月了  我还是想你   但我觉得很难回去了 我还是我吗？你还是你吗？也许我们曾经相恋过。  但也许现在你想的是至尊宝而我想的是紫霞  想你了  邓可欣  不然呢   应该回不去了 今天听了很久的婚礼的祝福   大概以后会收到你的喜帖吧   祝福
1535,"朋友或是情人,能走过三个月的已不容易,能坚持六个月的值得珍惜，能相守一年的堪称奇迹，能熬过两年的才叫知己，超过三年的值得记忆，五年后还在的，应请进生命里。十年后依然在的，那就不是朋友了，已经是亲人，是生命的一部分了。"
1536,不戴金箍怎么救你，带上金箍怎么爱你！
1537,终于知道为什么只要一到晚上就伤心了，因为从前的伤痕就像月亮一到晚上就会出现。原来我不是为你而伤心，是在心疼自己...........
1538,我好累  真的好累
1539,你看 你像不像一条狗
1540,从今以后不再羡慕爱情
1541,"少年不知愁滋味，爱上层楼，爱上层楼，为赋新词强说愁。
而今识尽愁滋味，欲说还休，欲说还休，却道天凉好个秋。
辛弃疾，何等的坦荡荡！"
1542, 最喜欢演唱会和yoyo合唱的那版.......
1543,至尊宝爱白晶晶，白晶晶爱的是孙悟空，孙悟空爱的是紫霞，紫霞确爱的是至尊宝！
1544,小时候喜欢看动画片，年轻时候喜欢看恐怖片，中年时看星爷电影，老时回看自己的电影，死去时看自己所爱之人……人生……呵呵
1545,人生百年，谁不曾大闹天宫，谁不曾头上紧箍，谁不曾爱上层楼，谁不曾孤单上路。
1546,或我应该相信是缘分，“缘”聚“缘”分
1547,评论只有62253条，点赞的却有20.7万人
1548,一听这首歌，就会想到孙悟空，一想到孙悟空，就会想到今年下半年。。。文体两开花
1549,我听这首歌听的 想买紫霞的皮肤了π_π
1550,说到六小龄童，我就想起了齐天大圣当年在蟠桃会游玩的情景。明年年初，中美合拍的西游记电影《敢问路在何方》正式开拍，我将继续扮演美猴王孙悟空，文体两开花，弘扬中华文化，希望大家多多支持！
1551,就你秀[鬼脸]
1552,你说的我有锁感受
1553,趁着年轻，我想去给你我最好的
1554,如果你依然忘不掉那个曾深爱的人。要么  时间不够。要么，新欢不够好。
1555,你 看  那人好像一条狗
1556,机会是有的
1557,不是叫大话西游之大圣娶亲吗.....什么时候改叫仙履奇缘了
1558,谁65了？
1559,或许不看电影也许听不懂这首歌的愿义
1560,生来苦难。
1561,很爱很爱你，回来吧
1562,唱的方式和内心发生了鲜明的对比，或许年龄只是数字。想起来依然不舍。
1563,又是不一样的感觉
1564,《大话西游》的结尾有句话，“你看那个人，好奇怪哟，象一条狗”。像条狗的人，是放弃了人间的男女情欢，无欲无念兢兢业业走在西天取经路上的至尊宝。他如你我这般，收起了脾气火气不再任性淘气，只顾奔波职场。人生百年，谁不曾大闹天宫，谁不曾头上紧箍，谁不曾爱上层楼，谁不曾孤单上路。
1565,经历了许多，才懂得了歌词的意思。
1566,还是 好好的当个人吧
1567,又如何  终究还是错过了  目的不同注定不能在一起了
1568,这一版的吉他根本就是摇滚木吉他风……麻爪儿……
1569,加油
1570,一开始我就不是至尊宝 后来也没成为孙悟空 但是就是很想让你知道 高二那年夏天 我就喜欢你了
1571,建议自裁谢罪
1572,他说他已经回到从前生活的地方 希望仙子可以早日找到如意郎君
1573,我只想说 这版本的吉他谱好难!
1574,晚安wanna爱你❤
1575,看看吧挺好的
1576,相亲竟不可接近 或我应该相信是缘分
1577,"很久很久以前吵架，后来和好的时候他说他听了一天这首歌，甚至有流泪的冲动。我是他一生所爱。
后来我们分手了。
在很久很久以后的这段时间里，我们都没有在遇见。无论是有意的寻找，或是无意的路过，我们都没有再见过一次面。
这也许是两个人之间的缘分"
1578,一生所爱这首歌对我伤害太大、我要在这最后50公里忍着心痛再听三遍、一遍是他、一遍是她、一遍是我。再也碰不得。希望2019是一个全新的开始、只愿忘记该过去的、迎接该美好的🍾️
1579,傅恒，爱魏璎珞
1580,你是紫霞仙子啊
1581,变的不爱讲话，也越来越不会讲话[心碎]
1582,勇敢去吧，不然这辈子怕是没机会了，毕业就各奔东西
1583,我哭了 中文那个叫啥名字
1584,300w懂的都懂
1585,其实我探险是真的，5555
1586,一生所爱，最好的诠释。
1587,至始至终没看过大话西游，紫霞和至尊宝的传说倒是倒背如流
1588,章口就来
1589,人总是在错的时间遇到对的人。或许这就是人生吧
1590,你是走错片场了嘛😂
1591,你不是至尊宝的林佳 你吃再多的芒果也没有用.
1592,一生所爱曾是我给他的备注。。。可能从一开始就是错的。。舍不得却还是不得不放手，让他走，我不是他的归处，只是在美好的时间里遇到了想要携手一生的人，最后发现。。没有资本携手一生
1593,爱人太辛苦，我想放弃爱情中去爱的权利
1594,十年前看周星驰大话西游，可以笑的没心没肺，而现在看着看着不知不觉就流泪了，想要救紫霞，就必须要打败牛魔王，想要打败牛魔王，就必须要变成孙悟空，想要变成孙悟空，就必须要忘掉七情六欲，看似简单，难的就是那一转身，不戴金箍，如何救你，戴了金箍，如何爱你
1595,@远.：从来没有什么孙悟空，也没有什么西游记，师徒五人，其实只有唐僧，其他四个，都是唐僧的心魔。途中的磨难，都是唐僧内心的磨砺—— 定住心猿则悟空，拴住意马便化龙，戒贪戒色共八戒，戒杀戒嗔是悟净，心净处是西天
1596,听了那么多版本，还是你唱的有感觉
1597,那对面不是 都是紫霞了？
1598,一生所爱已经离去
1599,看了n遍，你一语让我理清了他们的爱恨关系。。。。
1600,[爱心]
1601,谢谢你呀！谢谢
1602,死老婆歌
1603,一生所爱 听了很多翻唱 始终没有原唱有味道
1604,我开始讨厌自己，讨厌没有你的自己。[哀伤]
1605,对
1606,很有点戏曲风呢
1607,好听
1608,喜欢过一个人，但是没能将喜欢你说出口，现在那个女孩已成为别人的女友，我只能以旁人的角色扮演着掩饰自己内心的悲伤。错过了，再也不会重来了！！！
1609,今天和女朋友吵架了，她一心想去山东发展，去参加她朋友婚礼前夕都还挺好的。见了趟以前的老朋友全都变了，我都搞不懂很，她自己闺蜜想做一件事情，为什么一定要拉着她一起，她本来就是一个容易受别人影响的人，真的感觉爱情走到了尽头
1610,回头再听，已不再是少年
1611,当年看到豆瓣的影评说：“早晚有一天，你也会像他一样，走在路上，像一条狗”当时只是觉得豆瓣真是一群矫情逼……多年后，终于轮到我倚在天台，哭的像条狗。
1612,不是很心痛，只有绵长的苦味。
1613,卢冠廷的版本还是好听的，有味道，还有那种心里苦无处可诉说的感觉在其中
1614,旋律深入心灵，每次听这首歌，心痛感觉非常强烈!愿，天下有情人终成眷属。
1615,哎！天凉好似个秋！
1616,意中人 忆中人 亿中人
1617,有什么不会表达的。我喜欢你，想和你进一步发展关系。言简意赅就够了！
1618,听的歌不到我一半，嘴倒是不怂
1619,史航说，在心爱的女人面前，一个失败的男人是应该像条狗的，无论这个人是方鸿渐还是至尊宝，这一点上，无论《围城》还是《大话西游》，都很透彻。
1620,不是，是之前星爷跑龙套，舔导演，夸导演，导演给旁边的人说他好像条狗，被星爷听到了，一直没有忘。拍这个的时候，就为了照应星爷曾经，有人说他好像一条狗
1621,喜欢这版吉他伴奏，谁有原谱？
1622,身披金衣战甲，脚踏七彩祥云，一跃十万八千里，也未必能追得回来。多年以后才知道，当初的那个转身，有多难～其实每个男人都是以前那个无忧无虑的至尊宝，只是随着年龄增长不得不戴上紧箍、拿起金箍棒成为孙悟空去承担自己应该承担的那份责任，再也回不到以前的至尊宝。
1623,戴了金箍如何爰你。每个男人都想当至尊宝，当上一帮之主，过着简单快乐的日子，可是现实并不会如你所愿，你不得不戴上紧箍咒成为齐天大圣。其实生活就像紧箍咒，社会就像牛魔王，父母就是唐僧， 紫霞就是梦想，你却活的像条狗一样！我现在才明白，曾离我们最近的人，一旦错过哪怕之后变身盖世英雄
1624,紫霞喜欢至尊宝，至尊宝喜欢白晶晶，白晶晶喜欢齐天大圣，齐天大圣喜欢紫霞。齐天 大圣和至尊宝不是同一个人，他们相差了500年。一切都是对的，只是时间不对。想要救紫霞就必须打败牛魔王，想要打败牛魔王就必须要成为孙悟空，想要成为孙悟空就必须忘掉七情六欲一尘不染，不戴金箍如何救你
1625,每次听都是不同的感觉
1626,是一种成长
1627,[大笑]
1628,无言以对，对不上了。
1629,想练这首了
1630,不般砖头，怎么养你。般了砖头，如何爱你(ɔˆ ³(ˆ⌣ˆc)！
1631,他说他累了，要走了。他说他以后结婚不是因为相爱了，只是想找个人过日子了。我回头了，可他走了。我后悔了。能不能别丢下我？再给我一次陪你走下去的机会
1632,现在才听懂这首歌的感觉
1633,这首歌，我七尺男儿，听的流泪了，但我嘴角，还在笑着。。。
1634,看着别人的爱情 咀嚼着自己的青春
1635,多年后，我才知道，我不是至尊宝，我只是墙下的那群人，看着别人的爱情，咀嚼自己的青春
1636,我更喜欢以前那个版本
1637,雅
1638,加油
1639,快一年啦
1640,心中的那个人  远方的姑娘我很想念你  你可知道
1641,"相思无解，莫将爱慕深藏。
情亦无终，愿能终成眷属。"
1642,又来听这首歌 只觉心中悲凉
1643,以前看的时候，以为自己喜欢的是朱茵，现在想来喜欢的却是紫霞。对不起，xxx，我做不了你的盖世英雄，也没有七彩祥云。你看那个人好像一条狗啊，哈哈哈哈
1644,带上了金箍，你以后就再也不是少年～
1645,现在女朋友就挺好的，可是心里总是觉着缺点什么～可能人就是贱，得不到的是最好的
1646,第一次看大话西游：搞笑。第二次：哭成泪人。第三次：流泪。第四次：叹气。不想看第五次了。唉。
1647,如果爱无地表达，那想在网易云里说句爱你
1648,有那么一首歌，听到想大哭一场，可是就是不想切歌。
1649,世间安得双全法 不负如来不负卿
1650,单曲循环一万次！再考虑死去------
1651,始终觉得，至尊宝不是悟空，悟空也不是至尊宝，心若牵挂，何来悟空……
1652,听不懂这首歌的人都是幸运的
1653,谢罪警告
1654,呼唤784次和785次紫霞的是至尊宝。同时也是悟空
1655,师傅，走喽
1656,苦海翻起爱恨，所以谁又教你苦海回身？
1657,真的是听一句一个冷颤
1658,温柔的男孩子
1659,唉
1660,大概那么看着评论  翻着动态 感叹世事无常的人 才是真正的寂寞  2018.12.20 向对世界说一声早上好
1661,以前很希望能遇到一生所爱，真的遇到了，又害怕一生所爱就是你。
1662,心动模式就是这个嘛 喜欢
1663,玉姐姐，你什么时候娶我啊？[流泪]
1664,吾爱
1665,终于，也变成了那条狗。
1666,ZXY，此生不复相见，不再思念，我输的彻底，总不能把命输进去。
1667,走进那栋楼，我就不能说爱你；离开那栋楼，我就不能陪伴你。###大楼不允许办公室恋情，像是给我戴上了金箍，一句“喜欢”，藏了一年。所等是你，所爱是你，可期是你，不负是你❤️
1668,刚看完
1669,但如果它们相交了距离就会越来越远，还不如保持这种距离。
1670,与其说朱茵漂亮，不如说每个人心中都有一个紫霞仙子。
1671,没有那么多为什么，只是每次都不敢听这首歌.    一 生     所   爱           .
1672,章口就莱呀🐒
1673,最怕听懂这首歌
1674,在刷大话西游 又是不一样的感觉
1675,"最怕哪天我回过头来重新听这首歌
现在我回来了，终于听懂了你
音乐响起，满眼泪水，一切都已成为过去"
1676,"谁不曾大闹天宫 最后还不是带上了紧箍咒
看到评论有一句  相爱的都散了 凑合的都团圆了"
1677,就像宫崎骏说的  当陪你的人要下车时  即使不舍也该心存感激  然后挥手道别。
1678,"你现在所看到的星星
是它一亿年以前的样子
就好像 我在银河一侧
对着星空说一句 我爱你
当你听到时
我已爱上你无数年。

——宁城《星夜集》"
1679,"有时候有的人
曾经离我们只有一步之遥
一旦错过  却发现
即使我们化身盖世英雄
身披金甲 脚踏七彩祥云
一跃十万八千里
却也未必追的回来
愿你  永远不会错过那片七彩祥云。"
1680,"不戴金箍，如何救你；
戴了金箍，如何爱你。"
1681,不爱 又怎么知道 什么是痛苦呢 爱的痛苦可不是生活中随意课遇到的  若不去体验  那么人生或许会少些许颜色吧   没办法 爱总叫人刻苦铭心
1682,一生所爱    一生无赖
1683,最终还是听懂了这首歌。
1684,有时候吧，我真的像一条狗。会向好多人示好，但是如果你招手，我一定会摇着尾巴跑过去的，真的，只是你什么时候才会招手啊？[狗][狗][狗]
1685,心有盖世英雄的姑娘 大抵都不得善终
1686,哈哈，点进去看果然是两首
1687,"天下温柔共十分
你占八分
你喊了我名字那晚凉风秋月占一分
其余所有占一分"
1688,💰💰✊＝🐵＝✊💰💰
1689,你这样是要向全国人民谢罪的。说到谢罪，让我想起了三打白骨精之后，唐僧向孙悟空道歉，说到白骨精，让我想起了哪个戏里面让孙悟空和白骨精谈恋爱，我说人和妖精怎么可以谈恋爱呢？我说过戏说不是胡说，改编不是乱编，今年年底，中美合资的电影《敢问路在何方》即将开机，那么也是由我来继续扮演孙悟空
1690,姑娘，当我看到你第一眼起，我连孩子的名都想好了
1691,"你会幸运，
如同无人知晓的过客，
看着众生的过往。"
1692,男女她他 看不懂你是男的女的
1693,如果爱让人痛苦，我宁愿不爱。
1694,有才
1695,赞同
1696,哇，九级大佬呀
1697,有个男孩子问我会不会唱这首歌，我说没听过不会，他就骂我好笨，刚想反击，他又说，循环了那么多编我也不会呢
1698,曾经有个人拔出过我的紫青宝剑啊，人没留住最后还顺手把剑扔了，过了这么久，也没再想过找回来了
1699,当陪你的人要下车时即使不舍也该心存感激然后挥手道别
1700,歌曲很伤感 电影非常棒  无论台词还是打斗 真可谓文体两开花 难得的经典🐵
1701,那我呢？[奸笑]
1702,我觉得这个版本不好听就是不好听-_-
1703,从来没有什么孙悟空，也没有什么西游记，师徒五人，其实只有唐僧，其他四个都是唐僧的心魔。途中的磨难，其实都是唐僧内心的磨砺，定住心猿则悟空，拴住意马便化龙，戒贪戒色共八戒，戒杀戒嗔是悟净，身心纯净朝佛祖，心之所在即西天。
1704,苏日娜 我爱你💕 見雨-分手后第55天-20181219 00:47
1705,记得小学看这个的时候觉得很好玩，现在再看时原来的喜剧突然变的那么的伤人。
1706,一个民谣，一个德云社不能丢。
1707,这是一首一个人听的歌😰
1708,当我看到你在网易云才听了2首歌的时候 便失去了兴趣
1709,我养你啊……
1710,有缘无份
1711,吹个球，吹个大气球，吹大气球玩球球
1712,太棒啦！
1713,初看不知影中意，再看已是影中人
1714,全部爱给你，你嫌烦。不给爱啦，你觉得没感觉啦。
1715,听了那么多版本还是觉得这首有味道
1716,我是一个三十多岁的男人，最近日子过得很苦，双休一个人去了那家火锅店，这时店里突然响起了这段音乐，我想起了当年，也是和她一起听着这段音乐吃火锅，我想了很久，发了很久的呆。现在她已经是两个孩子的母亲了，祝她幸福，想到这我按了按自己通红的眼睛起身离开。
1717,苦海泛起爱恨。。。总是能听成：傅恒，翻起爱恨。。。。我明明不看延禧攻略的，我也不知道为啥。。。。[痛苦]
1718,现在好了，我来了我一直想来的的地方，做了我一直想做的工作，谢谢你!
1719,其实我也在等你
1720,一年拒绝我两次
1721,昨天重温了大话西游12，哭了！以前看为了搞笑，如今看，发现自己已是剧中人！[多多大哭][多多大哭][多多大哭][多多大哭]
1722,shqb
1723,或许我应该相信是缘分
1724,这个版本的更有韵味，更有感觉，
1725,你们九九 我八十一难
1726,是爱情和梦想！他的电影从来不会嘲笑爱情与梦想
1727,一个糟老头子喝了瓶破酒扯着破锣的嗓子唱了首老掉牙的故事我泪流满面
1728,该是有多寂寞呀
1729,音乐是自己的 何必在乎别人的想法呢
1730,会有更好的姑娘在等着你的
1731,哈哈哈[多多大笑]
1732,加油吧，我就是因为当兵去了，失去了一个好姑娘，五年了至今难以挽回 
1733,差了十分 距离1500km的异地恋
1734,六老师警告😂
1735,初听不知曲中意，再听已是曲中人，曲中思念与犹在，不见当年梦冰心，但愿还能再入梦，梦里相思缠绵情，缠绵缱绻心头炽，曲终必散早成空!
1736,可能那个叫伍倩的女孩儿，就是我这一辈子的劫吧，真的笨死了，没有我的日子简直不能想象
1737,听民谣的我 去过了大理和西藏。
1738,听着听着就笑哭了
1739,我给十个人听这首歌，至少有九个人说什么破歌真难听
1740,或许我应该相信缘分
1741,上天安排的最大
1742,相见恨晚，造物弄人
1743,如果不曾相逢  也许心绪永远不会沉重  如果真的失之交臂   恐怕一生不得轻松
1744,始终有个人会先走  另一个却还在回忆无法出来
1745,"""29岁，我们结婚好不好。“"
1746,邵含玥 我爱你
1747,一人之下[多多大笑]
1748,如果可以选择，我希望从来没有遇到你。
1749,道阻   且长
1750,我想找一个喜欢网易云的女朋友，我可以陪你一起用情侣头像情侣网名，陪你聊天打游戏，跟你说早安晚安，互相讨教恋爱，如果有一天你找到好的男孩儿，我们互删。 👋
1751,尤其是小人物
1752,渐渐被磨平了棱角
1753,最近鼓起勇气跟一个喜欢好几年的女生表白了，我说那是一句迟了好几年的话，但最终说出来也释然了，不管结局如何。我总对自己说：再等等吧，再等等她会来到我身边的。但当你等不到再回头去找的时候别人早已不在，所以，喜欢谁真的不要等[流泪][流泪][流泪][流泪][流泪][流泪]
1754,幸福总是瞬间就出现了啊！
1755,十七岁鲜衣怒马不与平凡，二十三颓败蹉跎苟且偷生。
1756,我想我找到了爱情
1757,确实挺好的 [憨笑]
1758,牛逼牛逼
1759,戏说不是胡说，改编不是瞎编！
1760,荒唐，孙悟空怎么能跟妖怪谈恋爱？！[大笑]你这样是要向全国人民谢罪的！[大笑]我这儿只有至尊宝没有章承恩
1761,这首歌评论为什么还不破10W？
1762,"所以说暗恋真的好苦的啊   就像紫霞仙子喜欢至尊宝    至尊宝喜欢白晶晶  白晶晶喜欢孙悟空
可能我说错了     但我感觉这就是暗恋的苦楚   明明喜欢去不敢只能看她走失"
1763,金箍就在眼前，很快就会戴在头上了吧
1764,有位认识的女生，失恋后单曲循环了一天。
1765,一生所爱，我未来的她不知道是谁呢，但是zq你确实是我喜欢的一个人呢，虽然现在你有了他，（你看不到，你看不到）[撇嘴][撇嘴]
1766,爱她就要说出来      ——来自河南科技大学的不知名大一新生
1767,是我们现在的生活写照
1768,大话西游确实经典                                                          一生所爱依然悲凉                                                          至尊宝负了紫霞 不负西游                                                       周星驰不负朱茵 负了自己
1769,暗恋和单相思中间徘徊挣扎的心[心碎][心碎][心碎]
1770,星爷演的喜剧却总是透露着爱情
1771,撕心裂肺
1772,摸摸头 都会好起来的 一定！
1773,在世间，难逃命运
1774,从来没有什么孙悟空，也没有什么西游记，师徒五人，其实只有唐僧，其他四个，都是唐僧的心魔。途中的磨难，都是唐僧内心的磨砺—— 定住心猿则悟空，拴住意马便化龙，戒贪戒色共八戒，戒杀戒嗔是悟净，心净处是西天
1775,五百多个日夜，白天我收拾好自己还是别人眼里那个光鲜亮丽的我，只有到了晚上，没有人知道我到底喝了多少酒，流了多少泪，有多少个夜晚想着你无法入睡。我以为离开你可以过好的生活，结果被我过的一塌糊涂啊，我要坚持不下去了，真的熬不住了
1776,其实他拍的就是底层的悲剧故事
1777,不知道为什么，最近听这个歌好有感觉，明明我没有谈过恋爱啊！[流泪]
1778,实现了么
1779,当不了你的盖世英雄....但可以帮你盖被子啊
1780,粤语听起来更有感觉，虽然是个北方人，不看歌词压根不知道唱的啥，
1781,我对你是热爱，你可懂得，可惜我自己亦不懂
1782,2015年17岁佛山，第一次离开家，我以为我是坚强的，可当我吃着前天的馒头听着这首歌哭的稀里哗啦的时候，我才知道，我是多么脆弱。
1783,还是粤语的能唱出那种感觉
1784,我喝多的样子就像一条疯狗。
1785,都会过去的
1786,错过就是错过了，就算是再相爱也是不可能在一起，奉劝诸位千万不要像我一样把最爱自己的那个她给弄丢了。我再也不会遇到像她一样爱我的人了吧。我只能祝你幸福，每天开开心心的
1787,感谢让我遇见你，铸成我的铁石心肠。
1788,谢罪警告
1789,光羡慕别人有什么用，我只想搞钱
1790,章口就莱
1791,我的是她
1792,"我也不知道你会不会看到这个评论
我今天还是没忍住看了关于你的信息
可能你过得不快乐
可是我没有身份去打扰了
往事都随风散了吧
我会努力克制自己不去想你的
你也要过的快乐
如果快乐太难就平安吧
我爱的至尊宝
他不会来了"
1793,学习，恋爱，睡觉，这三样东西，你只能做好两个。
1794,"睡觉时我会把手机调成震动放在离心脏最近的地方
因为特别关心的震动会直击内心，那样我也就能很快回复。
一生所爱，所爱一生。"
1795,是你
1796,刚看完大话西游之大圣娶亲
1797,一个人挺好的
1798,很久很久了，熟悉的感觉，一样的躲在宿舍的被子里，一样的湿了被子和枕头
1799,很久很久了，熟悉的好觉，一样的躲在宿舍的被子里，一样的湿了被子和枕头
1800,“诶，你看那个人，好奇怪啊，像一条狗”“哈哈哈，是吗”
1801,如果只凭你浓我浓  就应该要在一起 相亲相爱   那么爱情或许就不会那么令人肝肠寸断  魂牵梦萦
1802,我发誓从今以后对你只字不提！
1803,她推荐听的，不知道现在她还听吗？若是听，就是最好的欣慰了
1804,今天看到她的结婚照，她笑得很甜，很幸福，错过了，就祝福她吧！
1805,"初闻不知曲中意，再听已是曲中人。
既然已成曲中人，何必再听曲中曲。
曲终人散梦已醒，何处再寻曲中人。
既知曲人藏于梦，何必执于曲外人。
不愿再做曲中人，奈何越听越深沉。"
1806,加我一个吧
1807,都差不多 兄弟 不要对一个人太好了
1808,我好像一条狗唉
1809,嗯 没有谈恋爱的心
1810,他好像条狗诶
1811,"这一刻我觉得自己什么都不是
在一次次被轻易放弃以后觉得自己什么都不是"
1812,"多年以后才知道
成长的代价多大
那个转身有多难
那条狗有多无奈
在世间
难逃避  命运
致敬  最催泪的一生所爱"
1813,吸引你的是数学
1814,写完了😏😏😪
1815,林语堂讲过这样一段话：孤独这两个字拆开来看，有孩童，有瓜果，有小犬，有蚊蝇，足以撑起一个盛夏傍晚间的巷子口，人情味十足。稚儿擎瓜柳棚下，细犬逐蝶窄巷中，人间繁华多笑语，惟我空余两鬓风。孩童水果猫狗飞蝇当然热闹，可都和你无关，这就叫孤独。
1816,这就是你上课玩手机还抽烟的理由？
1817,放下手中的砖，如何养活你？   放下你抱起砖如何好好抱你？
1818,前尘往事随风飘散 
1819,你要当爸爸了吧，微博分享了孩子爱吃的东西，产妇要注意的事项，是因为怀孕才那么快和她结婚呢还是很快就怀孕了。你一直很想要个女儿的，希望宝宝是个女孩。你都要当别人爸爸了。可能等你孩子都打酱油了我才会想和别人结婚吧。今天心情很糟糕，看到你微博以后彻底心态崩了。我在慢慢忘记你只是还没做到
1820,唉
1821,向来缘浅！奈何情深！
1822,小时候看的是唐僧的绵绵不绝，长大了看的是至尊宝
1823,"我一直以为是我自己赢了，直到有一天看着镜子，才知道自己输了，在我最美好的时候，我最喜欢的人都不在我身边。


王家卫《东邪西毒》"
1824,你看他多爱我，从来不舍得我难过
1825,在这世间，难逃命运！
1826,苦海翻起爱恨
1827,我靠，翻到你这条评论，突然想起我那还没完成的论文……
1828,小时侯没有感觉，只当是一部打斗戏，也没觉得有感觉，感情，现在看来能理解一些，特别是这首歌，有沧桑感。经典。
1829,一生所爱
1830,那就一个人吧
1831,紫霞成了魔而悟空入了佛!
1832,我靠，在评论里翻了这么久，突然想起那还没完成的论文。。。。。。。
1833,我很爱你，可是又有什么用。
1834,[多多大笑]
1835,一见钟情后竟永生难忘
1836,世间安得双全法，不负如来不负卿，一面魔，一面佛，为卿为魔为佛
1837,"二十岁也不信爱了
不信自己会拥有爱"
1838,年轻的时候我做了一个决定，要把自己的生命献给长城。后来我没死，年轻替我挡了一命。
1839,23岁 感觉不会再有心动的感觉了[口罩]
1840,在网易云歌曲一生所爱的评论的 第62056条 :你成功的吸引了我
1841,苦海翻起爱恨，异地或许就是渡海。我只希望我们两个人可以到我们想去的地方
1842,确实不好听啊
1843,已举报，走好不送
1844,我不盖世 但我可以为你盖被子噢
1845,小孩子 去听学猫叫吧
1846,小时候每次都听成“生菜！”，现在能看到歌词感觉真是唉……
1847,新版的更加沧桑，饱经世事之后领悟更加深刻，终于明白卢冠廷为什么唱的这版，告别年少轻狂时轻易出口的爱，肩负更多责任的男人才能懂曲中意！
1848,我这辈子啊，是逃不过一个叫林潦的女孩子了，这是我的劫，希望她可以看见
1849,每个人心中都有一个悟空
1850,翻了这么久评论 终于找到了我一直也想说的话 
1851,不是我不爱你，只是坚持了很久，才发现 ，我们之间的距离，一直没减少。比如我喜欢网易云的评论，喜欢网易云的界面，可，越来越少的歌，让我不得不放弃。求之不得 吾心欲绝
1852,再见了  盖世大狗熊   答应你学会这首歌的    直到你离开都没学会    最后一次     缘尽于此吧
1853,分手以后 有段时间他最喜欢的一首歌 我是他的错爱罢[哀伤]
1854,想要救紫霞就必须打败牛魔王，想要打败牛魔王就必须要变成孙悟空，想要变成孙悟空就必须忘掉七情六欲从此不能再有半点沾染。人生就是这样：想自由地和心爱之人在一起必须要事业有成，想要事业有成就必须要抛弃天真戴上面具，当你变得有能力给心爱之人一切时，却发现找不回最初的自己亦失去了爱的能力。
1855,"苦海
翻起爱恨[憨笑]"
1856,数学也是一门浪漫的学科
1857,衣带渐宽终不悔，为伊消得人憔悴
1858,如果一开始我就知道结局，不知道我还会不会那么奋不顾身
1859,，朋友没什么大不了，人，还是要靠自己的
1860,我不是至尊宝不能驾着七彩祥云守护你，只能求着牛魔王守护好你
1861,我不是孙悟空，不是至尊宝，我是城墙下那一群人中的一个，观望着别人的爱情，咀嚼着自己的青春，活得像只狗。
1862,我没有什么爱情故事，但是我的偶像叫周星驰
1863,更加心痛
1864,爱而不得是什么感觉？得到了又能如何？你总想着把最好的给她，她却总觉得你很无能。陪着她，她说你不赚钱，废物。当你赚钱了，她又说你怎么不陪着我。我也想既能陪着你。又能给你想要的生活，但是我只是一个人，一个普普通通的人啊！！！
1865,我可能喜欢你就到这了
1866,明白人
1867,看到有人骂你就放心了。
1868,你配吗？
1869,原来压住孙悟空的不是五指山，而是五指间的柔情
1870,确实如此
1871,和雨更配哦
1872,喘不过气
1873,哎，真的痛苦，还是想她，只想她的好
1874,黄贯中说他能娶到朱茵上辈子一定拯救了太阳系，那星爷一定上辈子毁了整个银河系。
1875,大家迟早都会挂掉的，想开点
1876,为什么比大话西游评论都多？
1877,其实结果早已注定了，就算在重头再来10次，我们还是会分手，不要问为什么，性格使然。
1878,兄弟一样 ，命中注定无她
1879,“如果打算爱一个人，你要想清楚，是否愿意为了他，放弃如上帝般自由的心灵，从此心甘情愿有了羁绊。” ​​​
1880,吉他弹得真好
1881,说不清道不明
1882,祝福你！
1883,我爱你啊.可是我如何开口..
1884,"28,29…我，嗯~唉！心难受，很迷茫很迷茫人在这世间走一糟，怎么会有爱情这个摸不着看不到的东西"
1885,我有原版 就是经典
1886,后来，后来所经历的一切，都于你有关……
1887,悲凉也是情
1888,嗯
1889,主动久了，真的会累。还爱但是再难有喜欢。
1890,我来迟了 来不及了
1891,[星星]
1892,我很好
1893,人生就像大话西游一样究竟是选择事业还是眼前的爱情，如果像至尊宝一样选择去陪唐僧去取西经那就是人生的事业打拼，那么你去到一定的年纪你会回头望自己如果当初选择爱情的话会觉得很傻，说白了人生就是要有一定的经历和磨练才真正地成熟起来
1894,祝福你！
1895,六老师是您吗？手动狗头[奸笑]
1896,他喜欢这首歌
1897,你说过玩笑的话 你说就算我的至尊宝像条狗一样滚蛋了也会有人在城楼上抱着我 可我只想要你陪我到终点 你说过你所谓胡言乱语的话 你可知道那字字句句都是我从遇见你那天开始做起的美梦 婚纱和家 我都只想要你给的 不管哪种形式我都愿意继续陪你走下去 但我的梦依旧鲜活 你说你最爱这首歌 我说我最爱你
1898,留名
1899,点赞比评论多得多，大概是无心评论，品着别人的故事，咀嚼着自己的青春吧
1900,悲伤
1901,你走后，这首歌，我在没给别人听过
1902,我是昨天晚上，去接她出来吃饭，吃完饭她说送她回去，我就送她回去，到半路我问她为怎么，她一直没说，后来我停下车问了很久她说不想跟我了。很突然。认识一年多没有争吵过。
1903,也许吧。苦尽了甘不来
1904,我俩11号还见了面，中午分别还好好的，在回去路上和我说分手了，说实话，我也埃不过
1905,昨晚同样的三里清风三里路步步清风在无她，相识479天，一句我不想和你过了，看不到希望你能挨的了过我挨不过。
1906,zyq?
1907,想你了啊
1908,张。 你依然是心中的那丝朱砂  舍不下 你的冷漠使我把想说的话哽咽了回去。喜欢 是你的人 并不是你的职业  军人的苦与等 我都懂。我有十足的耐心  不相信我吗 起码你得把手交给我。
1909,从来没有什么孙悟空，也没有什么西游记，师徒五人，其实只有唐僧，其他四个，都是唐僧的心魔。途中的磨难，都是唐僧内心的磨砺。定住心猿则悟空，拴住意马便化龙，戒贪戒色共八戒，戒杀戒嗔是悟净，身心纯净朝佛祖，心之所在即西天。
1910,16号，就要应该是这辈子最后一面了，不知道自己在坚持什么
1911,咀嚼自己的取向，无可奈何，也无能为力[哀伤]
1912,离别只是为了更好的遇见……但遇见了，却回不到了从前……
1913,我爱他 却如何开口 只能看他远走
1914,还在一起谢谢你
1915,张律师！啊…………
1916,我还是喜欢你杰飞 我知道你不玩这个软件 可能这句话你永远都不会看见 所以喜欢就默默埋在心里就好了 对不起
1917,好巧
1918,我相信父母和你是能兼顾的，我爱你！[亲亲]
1919,你听的是歌还是故事？
1920,"各自安好 铭记于心
音容笑貌 片刻难停
终是注情过深
换得疼了心脏
病了灵魂"
1921,有人在网易云找到最早电影那个原版声音的嘛，带前奏那个……每次听那个版本前奏一出来心就颤抖
1922,给你个拥抱
1923,"刚认识你时
我说:“我是混世魔王什么都不怕”
你说:“别做混世魔王了 ，我做你的盖世英雄吧！”
你在宁夏银川，我在吉林长春，
故事的总该有结尾
你说:“对不起 我没能踩着祥云接住你 泥沼只会越陷越深
西部影视城我去了
盖世英雄也没有了
最后的最后
记恨了大话
才知道转身有多难
一年了 ，你还好吗？"
1924,当你戴上金箍的那一刻开始，至尊宝就已经死了
1925,"我给你打了一封一千多字的信。
而你没回一个字。
你看着微信公众号，明明很有空。却不会回我一个字。
独留我一个人，傻傻的等。
你伤我伤的那么心安理得，口口声声的说爱我。却又一次次做自己的事情冷落我。
我忘了，一个男人不爱一个女人，往往是从不联系，冷落开始的。你在等。等我说分手。疼"
1926,"听闻爱情 十人九悲
何不两清 做回甲乙丙
听闻青春 十言九妄
何不放下 随风东南西北
听闻青春 十有九错
何不疏狂 喜时饮酒逐月
听闻成长 十言九鼎
何不一人 陪尔浪迹天涯
听闻回忆 十忆九伤
何不忘掉曾经 珍惜现在
听闻红尘 十有九故
何不淡泊 坐看云起云落
听闻你我 没有结果
听闻爱情 全是遗憾"
1927,🖤
1928,好想哭
1929,那个MV卢冠廷音乐会版，更有韵味。
1930,2018年12月12日，寒冬。经历了一番变故，听了一生所爱一夜，想通了，我16岁，决定剃光头，致敬卢冠廷先生，从此不再理任何发型。尘世诸多烦恼如发丝，不如一铲而净。人在尘世中有如深陷泥淖而不能自拔，在世间，难逃避命运。人们自以为命运如掌纹一般，在自己手中为自己所掌握，其实不然。
1931,原来是这样
1932,别低头，皇冠会掉的
1933,羡慕你
1934,你会错过我的，再这样下去！
1935,小阳，我爱你哦！
1936,我现没资格与你共谈往后余生。愿安好！
1937,刚从小卖部出来，点上刚买的芙蓉王，听到这首歌，十秒后丢掉手上的烟，掉头回去买了包中华，不是我膨胀，是我觉得二十来块的烟配不上这首歌。
1938,两张电影票、两个电影院、两个城市、两个人、同一场电影、
1939,"一言不合不开心说分手的是你。不断挽留不肯走的是我。
想爱的时候你会爱我，不想爱的时候我就可以晾到一边。反正你知道我不会离开你的。你知道我爱你的。
这样真的好吗？或许你恨不得我离开你与恨不得我爱的永远离不开你之间徘徊吧。
而你打算给我爱了吗？愿意给我爱
吗？
心心，我一直都很委屈很委屈"
1940,"一直的主动。只会换来不被珍惜。我试着理解你，却从来不被你理解。这段感情从头到尾都是我主动，不管你回应我多少爱，我都像个小丑一样的主动着。
任何的人都会比我重要，任何的事情也会比我重要。
消消乐，朋友圈也都会比我重要
。
甚至我们连好好聊聊的机会都没有。
一言不合不开心说分手的是你。"
1941,"我一遍遍的给你微信发信息，你看公众号都不会回复我。你说开会一会聊。我等你三个多小时，还是我联系你。换来的是一句你睡觉吧。
是你不懂爱，还是你真的不爱我。心心，那个一遍遍说娶我的人是你。那个一次次践踏把我抱起又狠狠让我摔落的人也是你。
心心，是我爱的卑微了。是我太爱了，忘了爱不是迁就"
1942,你是我一生所爱。我有一生可以浪费，却没有你可以珍惜。
1943,欲将心事付瑶琴，知音少，弦断有谁听
1944,不要难过，
1945,我们有缘无份
1946,在听，就会听哭了[多多大哭]
1947,有人有这个谱吗
1948,如果你願意，我就永遠愛你。如果你不願意，我就永遠相思。
1949,"一生中我们会遇到很多人，会喜欢很多人。
但是，真心付出全部爱过的，只有一个。"
1950,从前 现在
1951,心情不佳，又来听了！
1952,之前听过很多次，都听不明白，今晚晚上听懂了。
1953,今年68了
1954,初听不知曲中意，再听已是曲中人，曲中思念今犹在，不见当年梦中人，但愿还能再入梦，梦里相思缠绵情，缠绵缱绻心头炽，曲终人散早成空！
1955,为什么忘记你这么难
1956,我好像条狗啊
1957,世间安得双全法
1958,《人间失格》有一句话: 仅一夜之隔，我心尽判若两人
1959,加油    同是天涯沦落人
1960,初识不知曲中意，再听已是曲中人。曲中思念今犹在，不见当年梦中人。但愿还能再入梦，梦里相思缠绵情，缠绵缱绻心头炽，曲终人散早成空。
1961,你好像一条狗
1962,我愿一人背负所有的黑暗与邪恶，让所有人活在阳光下
1963,分开之后，也不曾爱过
1964,( ´･･)ﾉ(._.`)摸
1965,虽然当时大话西游票房结果并不好，但这不妨碍它在看过的人心中成为经典，至于某只只会抓着片尾乱叫的猴子，我只能说，在你让别人谢罪前，先想想自己跟谁谢罪吧
1966,我把最爱我的人弄丢了
1967,我找不到自己了，有今生没来世的爱情
1968,其实在感情中付出更多的那个 不一定就是失败的一方 你对一个人好 即使没有回报 至少也永远不会白费 很多年后突然想起来 泪流满面的那个人 肯定不是你
1969,说的很好！
1970,在世间难逃避命运.
1971,想要救紫霞，就必须要打败牛魔王，想要打败牛魔王，就必须要变成孙悟空，想要变成孙悟空，就必须要忘掉七情六欲，看似简单，难的就是那一转身，正所谓不戴金箍，如何救你，戴了金箍，如何爱你。
1972,爱情，对我怎么那么遥不可及呢
1973,外面下起了雨，我又再一次失眠了，点了一支烟抽了俩口，打开手机听着“一生所爱”，是啊我又想你了，呵 其实我都知道我们回不去了，只是我不想我辛辛苦苦打下江山让给了别人，我希望等你结婚的时候要发一张请帖给我，这辈子你什么样子我都见过，唯独没有见过你穿婚纱的样子，一定特别美！
1974,一生所爱？？？？？？？
1975,你看 那个人好像条狗啊
1976,2018年12月10号的凌晨一点，一个人在深圳，还有两个月过年，今年还不能回家找我最爱的人，我很好还是很不好，生活没有压的我喘不过气，不能见你才是我最难过的事，我不会放弃，我还是会很努力。
1977,上海滩和古惑仔对两个时代的社会混混儿产生了不同的却又深刻的影响。上海滩热播时，街上的混混儿都像许文强一样西装革履或文质彬彬，古惑仔热播后，街上的小混混儿都变成满口脏话的流氓洗剪吹。
1978,"从亲 音在 沃会六再八来 （从前 现在 过去了再不来）

红红 涝意 chung埋成头乃 （红红 落叶 长埋尘土内）

还起 总gi 总系muei宾改 （开始终结总是 没变改）

tin宾 dei内 piu泊八万why （天边的你漂泊 在白云外）

副歌:

浮海 发嘿爱喊 （苦海 泛起爱恨）

在赛干 难偷贝明晚 （在世间 难逃避命运"
1979,哈哈，他说宁愿单着，也不想跟我好
1980,听一首歌：悲伤的双曲线
1981,终于明白为什么像条狗了，原来是单身狗
1982,刚刚她给他推荐的歌
1983,最后只剩下自己
1984,有天晚上醉酒，压抑不住心中的思念，拨下了那个铭记于心的电话，千言万语化成了，您好，您所拨打的电话已停机！是啊，那一刻起觉得是多么动听的声音啊，一别永远，避免尴尬，从那以后，那一连串数字，变成一张脸庞，渐渐的消失不见
1985,跟你们说个笑话    我好像一条狗！
1986,到头来，我不是孙悟空，也不是至尊宝，终究成了城墙下的那群人，看着别人的爱情，咀嚼自己的青春
1987,年轻人还在那里笑！我是笑不出莱，我这个眼泪是在肚子里的。
1988,“我想你，没有什么特别的花样，但是显得悲壮”
1989,"此生最爱你
平行时空我们无法再相遇
今天放下矜持主动加了你的微信
不敢说话，只是知道你在朋友列表里就很心安
我在西藏偶尔想想你
这是我的事，矫情说一句与你无关"
1990,浪漫的故事，花的颜色。悲伤的结局，花的颜色。
1991,"有些人，一见误了终身，有些人，不见一生牵挂。
其实爱情是有时间性的，太早，或是太迟认识，结果都是不行的。如果我在另一个时间或地方认识她，结局可能不一样。"
1992,"你若是等过一个人，
就知道，
等的时间长了，
就不在把再见当回事了"
1993,"一二三四五六七八九十百千万
我和你
再也没有忆了"
1994,爱而不得   得而不惜💔
1995,徐筱飞 你过得还好吗
1996,这个版很爵士乐
1997,每次听一生所爱想着大话西游孙悟空跟紫霞仙子的爱恨情仇想着现在自己如此悲哀 我都想哭 或许很失败
1998,最无力的事，就是错过，即便我身披铠甲，也难挽回了。
1999,压抑比孤独更可怕
