0,加油 朋友 
1,“天凉好个秋”
2,朋友问我现在怎么还没谈恋爱                                   我不配
3,子琪Ye   希望你天天开心    一年  两年  三年------我都这么简单的想着
4,后来他成熟稳重却不再为你。
5,祝你幸福啊
6,他好像快结婚了
7,两年的感情 你一句“一别两宽 各生欢喜” 就这样结束了。
8,很想再重新认识你这一次只做朋友
9,前几天看到你朋友圈发的与男朋友的照片
10,我也不需要知道这些事
11,同感，但是你真的放的小嘛
12,到了今天也才知道爸妈跟我讲的，不是所有人都会对你的哭闹心软，不是你所有人都会无理由的原谅你，我还是喜欢你，想坚持的呀，只是因为你放弃了，我只能想些你的不好，想些我的不好，来证明你的选择是正确的，人生慢慢，用来错过也不错。尹星，你看今天的月亮它又大又圆🌙。
13,想叶志翔。
14,还记得那年你吻我的那个下午，我没有哭，但是多年后的那个夜晚，你牵起他的手时，我没出息的哭了，不为别的，就为了那个下午的我和你
15,过了很久，还是接受不了别人，所以才会觉得后来的人不会有他好，所以那个女孩辜负了那个喜欢了她很久很久的男孩，不知道 后来 会变成什么样子，但是在这一天，这个男孩决定放弃一个他喜欢了很久的女孩！
16,不是因为失去而感到难过 而是为自己从未得到感到可悲
17,希望你能幸福
18,秀儿，是你吗？
19,"先生啊先生
四年呐
怎能说放就放"
20,有的人留在昨天了.
21,后来我总算明白，不是不爱，是根本没爱过[心碎]
22,"回蚁窝=回忆我
拿走不谢"
23,感情故事这方面，你一直控制的死死的
24,我把输入法卸载了重新安装的
25,"你一定想不到我还很爱你吧？
哪怕我把真心交付给了你，你却无所谓的扔了。后来我爱的人都没有真心对待了。你不觉得这很残忍吗？"
26,嗯
27,后来 我明白了要去珍惜 但是你已经开始了新的生活 我被自己困在原地 所以只好远远看着你 这次的祝你幸福 是真的 你一定要幸福！
28,从前，我写过一篇文章《后来的你成为别人的女朋友》，现在你已成为他人的人妻。后来，我也完成了小梦想，出版了《我愿晚点遇到你 然后余生都是你》。如果，你在就好了，真的！
29,这一次的我，再也不会为了任何人剪头发啦
30,好像就是在去年的今天晚上，我们在一起了，但好像我们现在已经没有在一起了
31,穿山乙为什么喜欢挖洞，因为它要去找穿山丙
32,后来，终于在眼泪中，明白。
33,曾做过
34,后来大风大浪还是自己一个人过得
35,今天和他在一起整一年了呢         我想我们能有后来
36,你都如何回忆我，带着笑或是很沉默
37,后来，我们心里都持有一丝丝遗憾。
38,有个老男人爱着那个女孩👧
39,怀念三年前
40,努力就好！
41,带着笑或是很沉默
42,边看评论边哭，我想你了，王甜
43,"离中考只剩123天
与她分别的日子越来越近
三个月前 我不甘与她做朋友
说出那句 我喜欢你
那时 她答应我了
可现在为何与她一句话也说不上
你那句 我要与你考一所高中
是我唯一的依靠
你在橡皮上的涂鸦
是我唯一的依靠
只怕后来你远去消失在人海
再也不回来了[心碎]"
44,离春节的最后的第三天是你生日我一直都记着。即使做不了夫妻，你依然是我最牵挂的人     即使不得不放手，你依然是我放心不下的人     即便是不再联系，你依然是我最心爱的。生日快乐
45,那个夜晚
46,喜欢了整个高中时代的男生，他去读大学了，谈了女朋友又分了，而我现在回来复读，还是不舍删他的联系方式，我还是想着万一他哪天就找我聊天了呢。这是还喜欢他吗？我真的不明白是否还喜欢。
47,棱角分明
48,想她了
49,我电台万人合唱版
50,"生活中你会遇到很多让你心动的人，
却很难让你遇到那个心安的人。"
51,后来的后来，我们也没有了后来
52,迟到一次唱一次后来[大哭][流泪]
53,你都如何回忆我，带着笑或是很沉默
54,总有这么几首歌使人不禁落泪。
55,能让一个大男孩落泪的除了父母，也就只有那个女孩了
56,关于后来，无关你我
57,后来的后来就是没有后来
58,“蚂蚁”指的是谁[多多可怜]
59,拉过勾对吧，怎么还是走了
60,万人合唱版在我电台。。。快去下载
61,一帆风顺，爱情的道路真的很顺..
62,一直陪着我的只有网易云
63,后来啊，我对你就一无所知了。
64,我记得跟你在一起的时候很快乐，你说会带我去我喜欢的国家，你说过会给我一场自由的婚礼，你也答应过我会陪我去看《后来的我们》，只是后来，你爽约了，我们分手了。我一个人把《回来的我们》看完了，我没有删我们的照片，我……还喜欢你
65,好好珍惜对你好的人吧 一旦错过就不在了 你以后都是舔狗
66,这歌我听懂了，对不起，你要幸福啊
67,网易终于有了后来，我却最终还没能拥有你[心碎]
68,挣扎中的死亡
69,我们复合吧，发现不能没有你”，女孩看了特别高兴，毕竟男孩至少还给了女孩一条信息，然后女孩看了信息也特别开心，高兴的泪奔。然后男孩把微信也同意了，后来女孩男孩像从前那样开心的聊天。后来的后来，女孩睁开眼角还有泪水的眼睛，结果是一场梦，失望透顶了整个心，打开手机的女孩，那感觉像极了
70,女孩和男孩分手已有4天了，男孩用沉默告别了这段感情，这几天女孩总是在夜里流泪，一直幻想男孩会回来找女孩，每天一直盯着手机看，后来等着等着，女孩打开了手机，看见男孩发了一个链接，里面都是男孩对女孩说的话，里面有一句男孩说
71,我们要相信别人在动情时所说的话都是真的 承诺是真的 一腔热血也是真的至于后来谁辜负了谁 谁离 开了谁 都是后来的事情谁又能提前预知呢不能因为结局不完美 就否定了所有开始毕竟人生中有太多美好的事情是没有后来的
72,后来我依然迷茫，而她已经成了别人的新娘
73,前奏起，泪目。长大了真不好
74,每一首歌，都是一个故事，而你的故事最令我伤心💔！
75,喜欢的不一定合适，合适的不一定喜欢，你会怎么选择？
76,为什么人年少时，要让深爱你的人受伤
77,听闻爱情。十有九悲。幸运的是。我遇到郭梦圆了。我是剩下的十分之一
78,既然已经分了，何必自己那么执着呢？要给自己找不自在，想想她是怎么背叛你的……
79,3，2，1前奏我一直以为有的[大哭][大哭]
80,2016年除夕  你说有可能  然后2017年过去了  2018年也过去了   还是没有可能
81,高中的时候有个女孩哼啥，傻到我一辈子忘不了，傻到分手时连头也不敢回，傻到我永远也无法企及，希望她幸福，希望她不再记得我
82,有没有一种感觉，你打字的时候下面突然出现了一些很熟悉的字眼！于是你整天都陷入了回忆当中……
83,我一般只用网易云耶
84,我后来看懂了，唉！是真的啊，好伤心。你只用网易云音乐么，狗狗用不用
85,你经常打一些词，比如说你喜欢的人的名字，久了之后只要你打出那个人名字拼音的首字母就会出来他的名字。即便你不喜欢那个人了，输入法里还是会帮你记得他
86,一门心思对你好你却不珍惜  到现在还忘不了你  我是有多么没用呀
87,后来，原来真的会有喜欢却不能在一起的人；后来，原来你真的会删掉一个你真的很喜欢很喜欢的男孩子
88,我已经听懂了。哈哈哈！
89,我也是 真心祝福他
90,是真的，可能对方也无奈，无法开口
91,真的学会了？
92,我想拉一个群 没有小广告 也没有小程序 就一群漂泊网易云的人聚在一块 每天分享一首喜欢的歌  民谣什么都可以的 你点赞 我私你
93,我真的爱过你，你呢
94,好羡慕那个男生，祝你们幸福
95,我喜欢你啊  小学同学 黎文康    可是我配不上你     但喜欢你的事我会一直偷偷藏着没人知道的
96,懂了
97,如果能重来，我肯定不会放开你的手，我肯定不会不联系你，可是……
98,什么意思
99,忘记一个人需要两样东西，时间和新欢。时间够长，或者，新欢够好，只是，这样的话，你们就再也没有了后来。
100,但希望你能幸福.
101,"有没有谁
一边翻评论一边哭                                  就像我一样。"
102,于嗟女兮，无与士耽。
103,我真心祝福你永远都听不明白。
104,你走之后，那段路我一个人又走了无数遍，只是，再也不觉得路上的我很美，路旁的人很和善。
105,我看三眼
106,都说出场顺序重要，其实珍惜更重要。
107,早知道那是我们最后一次见面，我一定会多看你两眼。
108,其实有些时候，能留下一个美好的回忆也不错了[流泪]
109,是啊，明明都相爱，却总有那么多不能在一起的理由
110,李亚楠，爱过你，回不去了，那五年是我这一生最幸福的时光。
111,后来，我认清了自己，可是，他，已经不在原地了
112,单曲循环了好久 好想在未来的某天放过这首歌 也放过自己 
113,于嗟鸠兮，无食桑葚
114,该不该带着笑
115,扛精
116,咱俩前后差一天[开心]
117,看到你的名字，果断点赞
118,"越是缺乏安全感的人，越是很难开口去要求什么
习惯了希望落空，慢慢习惯了不开口
明明想要一个拥抱，却不愿意说
偏偏装作要走的样子
明明爱得毫无保留，开口就变成了：不如我们算了吧"
119,有些菜热一次味道会更好！
120,歌手刘若英在年少的时候爱上了一个不该爱的人，当她成熟后才发现自己是觉得那个人真的很重要！
121,你不懂事，我懂！
122,是吧当时看后来的我们我心里都还是他我怎么可能和你有后来
123,不在啦不在啦
124,南京这个地方真的好好到没有感情
125,"关于这首歌的故事，人名我忘了，
我只记得那天大雨倾盆-
还有那一路，雨水混着泪水的自己"
126,爱而不得的痛，靠自己治愈。
127,初闻不知曲中意，在听已是曲中人，听闻爱情，十有九悲[心碎]
128,我从未想过有一天我会想你想到哭💔
129,要遵守诺言喔。
130,明晚早睡[呆]
131,你怕是不知道回锅肉
132,舍友说其实舔狗换个说法就是一往情深，是啊，如果不是一往情深，谁愿意当舔狗呢？黄澄媛，我这次真的真的下定决心要离开你了，跑的远远的，腿跑断都不会回头了，那个爱着你的男孩，终于死心了。
133,才更好吃
134,陌生人 对自己好一点 晚安 
135,出场顺序真的很重要
136,秀儿
137,我是真的很想你
138,"和声编写 光良
和声  梁静茹
😱😱😱😱"
139,小胡同学，我只有在醉了的时候才敢提起你啊
140,高中三年，始终还是没有说出那句话，从你在我后桌开始的互相了解，到分班之后我故意遇见你的一个招呼，让我一天充满力量，到毕业后离开的落寞，我始终还是没有说出那句话，也许是真的害怕吧，就这样做个朋友到结束，也挺好，不是吗？
141,和声：梁静茹[呆]
142,又一次的 失去了你 可能以后我们都见不了了
143,后来 ，我对你的爱已不是爱，而是一种得不到的执着
144,后来，我终于不喜欢你了 不会再为你难过了 不会再因为你不开心而想尽所有办法来让你开心了 我也会走出抑郁的
145,这辈子，可能再也遇不到那么单纯的爱情了吧，
146,搜索号码  目光呆滞  返回🔙
147,后来啊 哪有什么后来
148,272day
149,怎么办 好像已经开始想念了
150,早些睡，陌生人。
151,你漂亮了[多多大笑]
152,错过了太多人，太多机会，但是这个社会让我成熟了，愿以后不会错过对的人，错过机会
153,早些睡觉，陌生人
154,"十七岁的冬天
你吻我的那个夜晚"
155,2017年树底下的少年，你还在，可为什么感觉跟之前不一样，
156,后来，不知道是我错过了你，还是你错过了我。
157,"晚安
宝贝
照顾好自己
不要再熬了
相信吧
你喜欢的那个人正在梦里等你。"
158,我不想有后来 我还不想错过你
159,后来，总归是无可预测的，好好享受现在😊吧
160,"后来～生死也看淡～我的前半生有爱过的么？爱过我的？有么？都特么扯淡除了自己找自己不痛快没什么了～你爱的和爱你的都错过了都嫁为人妻了～只剩下自己孤独相伴～。
好多年没接触女生了。好久没说出爱这个字了。安安静静上班下班吃饭睡觉！都已习惯了。"
161,"这首歌其实很早就喜欢听，过了好多年，可是到今天才真正发现这首歌的每句歌词都是我经历的，[心碎][心碎][心碎]
其实吧，说句实话，如果真的互相相爱，一定要珍惜，如果你不爱她（他），也喜欢你能在两个人在一起的时候不要伤害她（他）[爱心][爱心][爱心]"
162,还好我的坚持把你拽了回来，让我不曾错过你
163,愿所有人被这个世界温柔以待
164,愿你被这个世界温柔以待
165,我懂你的苦衷 我理解你的难处 我也尊重你这样对我的理由 没关系 我没有生气 我只是很失望
166,有一个女孩爱着那个女孩
167,会好的
168,好啊
169,晚安了
170,等你
171,没有什么念念不忘 也没有必有回响 最后就悄悄祝你 万事胜意 我听说 万事胜意这个词 只能对最喜欢的人说 
172,我们的谈话越来越简短，话题越来越简单，你不再问我在干嘛，我也不再说想你，没有激烈的争吵，就像是保质期过了一样自然。
173,我放手
174,小王同学呀 想你了
175,初闻不知曲中意，再闻已是其中人😔
176,后来我也学不会如何去爱
177,后来，我们都是好孩子，可是我还有一颗坏心脏，因为那是我的童年[多多耍酷]
178,你知道么，你是我的网易云壁纸，每次一听这种歌，看见你，就会哭，我可是面临死亡都不会掉眼泪的人啊……
179,凭什么后来者居上
180,让你 让我的喜欢 让所有 都变成后来
181,今天和妈妈吃饭，她问我那时候天天和你聊天的小女生，现在还在嘛。
182,笑出声
183,谋爱先谋生 爱人先爱己，来日可期 钟爱自己❤️
184,后来，所有人的世界没有什么变化，有你有我。后来，我们的世界没有什么剩下，没你没我……
185,后来我发现 两个人不是相爱 就能在一起的
186,我今天 难过得哭不出声音[哀伤]
187,谁没有痴情过呢[呲牙]
188,我以为我们就算分开了 也会重新再回来 只是后来你终于还是接受了他
189,"三年 真的不想再继续了
木子 以后我都不要喜欢你了"
190,这首歌没有独秀和大钊们出现了
191,我男朋友，我培养了个半成品，过程艰辛啊，但我还是坚持下去
192,爱情就像魔鬼，相信的人多，遇见的人少。
193,后来。后来。
194,没关系的，时间再长一点就好了
195,陈皮皮我真的走了...
196,千言万语汇成一两个字：再见。
197,宝贝 累了吗？那为什么还不放手？
198,聊聊天吗  比如说就是安慰安慰我...
199,你也会幸福的
200,"我一直都在模仿你的习惯
走步的姿势 说话的语气 也在努力朝着你走过去 我希望后来的我会优秀 会遇见更优秀的你

——致白先生"
201,愿天下有情人都能眷属[爱心]
202,孟婆啊，多年以后，如果你遇见一个叫周小敏的女孩，请你转告她，有一个男孩好爱好爱她，请您在她的汤里加点糖，爱了这么久的人，我不想让她皱眉，下辈子，我还要遇见她，我真的很爱很爱她 [爱心]
203,心疼。人心真是复杂，明明珍惜感情，却还要互相伤害感情。
204,王书哲 我爱你 虽然我们不能在一起[多多大笑][多多大笑]
205,老吴我想你。
206,原谅我不够好 往后余生你会幸福的 祝福你！
207,后来再次见了她，并且像拥抱海风一样拥抱了她，说实话，心中还是会有波澜，还是喜欢，也期待下次再见，但世间人情大概还是如此，爱而不得才最难以忍受
208,有些人错过就不会回来
209,听懂已不再少年
210,想念就要说，别给自己就遗憾
211,他好像瘦了，头发也剪短了，看着你手机里的女朋友让我觉得我们距离越来越远。喝多了你牵我的手让我感到好像初中放学时你拿着饮料等我下课然后牵着我走。
212,很快我就要开始长达三年的异地恋了，现在在床上哭成泪人儿
213,即使在这10w+的评论里，我也一样不敢打出你的名字，
214,后来…那个姑娘叫殷晓燕。。。
215,一定要一辈子
216,相爱人最怕有情无缘 长相思却不能长相依恋
217,是的
218,有故事😷
219,过去就让他过去，好好生活吧，好姑娘
220,我听懂后来的时候，你已经不在
221,如果有一天 你开始厌弃我了 可不可以 请你等到愚人节再说啊  至少那样...我还能说什么欺骗下自己
222,后来的我也总会想起你，总不知道你过的好不好 总想对你说句好久不见 我很想你。
223,离别亦听得到你讲再见，，，
224,伤心不听陈奕迅，分手不听刘若英
225,人生有很多东西 都是爱而不得的
226,你说过我到20岁没结婚就娶我，过年我20虚岁了，可是你的这些话也石沉大海了，希望你和现在的女朋友可以共白头，年少时的话就当做你开了一个玩笑吧。如果有如果，希望我20周岁的时候再和你像当年我们的初恋一样能一直走下去。
227,如果再有机会我一定告诉你我好想好
228,你好吗
229,别宽欢喜，生日快乐～拉萨太冷，还是回来吧。
230,鸡蛋石头在一起 磕磕碰碰伤痕累累 鸡蛋终于受不离开石头 后来遇到棉花 棉花的拥抱是那么的温暖 鸡蛋才明白:不是努力坚持和忍耐就能换来温暖 是要选择对的适合的 就会很轻松很幸运再优秀 也得碰上识货的人 再付出 也得遇上感恩的人 再真诚 也得赶上有心的人 再谦让 也得面对珍惜的人
231,管文博 我真的好喜欢你 好喜欢好喜欢  你走了  也到走了我去喜欢别人的能力
232,2018.12.15，感谢上天，让我遇到你，灿灿，我永远都爱你。
233,喜欢她，永远没有勇气告诉她
234,可能真的是我对你的好把你推走了吧。
235,我怕我做的不好，让你觉得爱情也不过如此。
236,我们要相信别人在动情时所说的话都是真的 承诺是真的 一腔热血也是真的至于后来谁辜负了谁 谁离开了谁 都是后来的事情谁又能提前预知呢不能因为结局不完美 就否定了所有开始毕竟人生中有太多美好的事情是没有后来的
237,喜欢他打篮球的样子
238,"这两天听这首歌哭了几次
以前是我的不好让你伤心
现在挽留也已经来不及
但是我还想对你说
李兴月我爱你"
239,因为想要的是你啊
240,你。。。硬是把我要流出来的眼泪给憋回去了
241,可能是吧，我喜欢她第六年了，我给她语音唱过歌，时刻担心她的冷暖，在自己刚辍学的时候，身上还有10块钱，在犹豫要不要买盒烟的时候，她说她想见我，我毫不犹豫的借了300块钱，给她买了她喜欢的零食，很多很多，她一直说很感动，但感动不是心动，保护公主的是骑士，和公主结婚的确实王子！
242,每听一次都会流泪的歌
243,后来我去看了你喜欢的书，后来我去听了你喜欢听的歌，后来我去看了你喜欢的电影，可我和你没有了后来，十七岁喜欢的人，会是七十岁的最爱。
244,如果大年30你发这条消息给我 我就分享这首歌给你[心碎]
245,后来，一直在偷偷的看你的照片
246,那时候的爱情 为什么就能那样简单
247,不了，还是去听听战歌压压惊  快哭了
248,十八岁的我遇见他了 却不甘心放下 却放不下
249,后来，我终于学会了如何去爱
250,把你留在心底。
251,分开第324天，晚安。
252,后来，不知道该说些什么，也就一句，好久不见，是啊，好久不见。
253,好心酸
254,"很久很久以前你跟我说你最喜欢最喜欢的那个女孩是我
要一直一直在一起的女孩是我
后来你身边的人却不是我"
255,"讲个笑话       我父亲中风住院我坐了二十三个小时的火车去看
她说感冒了       我坐了五个小时飞机就到了她身边
我对不起他们      你对不起我"
256,睡不着就来看看你们的故事
257,你就是太爱我了，宝贝🙂
258,“有些人一旦错过就不再”，一直听成“一旦做过就不再”。还以为有什么奥义。
259,有些人一旦错过就不再
260,若雪，我好想你呀
261,喂，以后遇到那些对你超级好的男生，你一定要好好珍惜，因为你不知道这个男孩是哪个女孩用眼泪和委屈换来的💔
262,初一开始听的歌❤
263,左贰一，我永远忘不了你的两个小酒窝。
264,想谈恋爱，和谁呢💔
265,哈哈
266,后来 我才知道是新鲜感让我把她弄丢了[心碎]
267,前人栽树后人乘凉.
268,羡慕经历过青春期美好的大家……我连一个后来可以回忆的人都没有，心里留下的全是自卑和痛楚
269,大学只觉得这首歌好听，现在，好像每个歌词都能唱到心口[女孩]
270,我没哭，怎么眼泪掉下来了？可能是眼酸了而已。
271,李琦真的再见了 两年吵吵闹闹分分合合任何事都可以克服 可是你爱上别人我真的无能无力
272,歌是催泪弹
273,20170310-20181025。我们终于还是分开了…[心碎]
274,这就要看他喜不喜欢你了
275,"我和他在一起168天，我俩说好一起过圣诞节，情人节终有眷属，我俩也是，说好买情侣口罩，说好看我穿婚纱，说好了好多，后来我俩因为一段时间太能吵架，本可以相互包容理解，多点耐心去沟通，继续好好爱对方，
后来啊，他放弃我了，即使我变好了很多，我懂得了怎么去爱💔️"
276,24了，现在没有一点想拥有爱情，我觉得我这辈子以后的结婚生子都只是为了完成父母的心愿，再也没有一个人让自己牵肠挂肚了。你说过，有些人只能做朋友……
277,我想你了，李曼伊
278,当初想要的感情  就是两个人简简单单的就好 时不时会有小吵小闹 或者闹过了去低头认错就好了 其实这就是一份简单的感情 只是人们把感情想的太复杂才会导致感情变质.💔
279,我也曾经以为我们会一直一直在一起，但是后来啊，后来就没有了后来
280,他是唯一一个 觉得他第一谈恋爱 怕做的不好 让我觉得爱情只是这样的人
281,也许不是不爱
282,你们最后没有回来么，
283,"曾经，我真的想过要嫁给你。
幻想了未来各种场景，却没想过不再联系这一种。"
284,"爱着的时候从没有喝醉过，后来喝醉了才知道曾经那么离不开她---诺儿！
我只知道：远嫁的姑娘都很寂寞和凄冷，况且还是东北，那里更加增加一点心寒的感觉……"
285,听着听着失去那个男孩
286,终于明白为什么听到同学结婚的消息，心里都会慌一下了!就像考试似的，本来是各人写各人的卷子，但一旦有人开始交卷的时候，难免心里会紧张一下。交卷的人越多越着急，最后自己也就草草交卷了!
287,记得你个米八的个子，为了让我不再生气给我下跪。真的是我不好弄丢了你。对不起愿你我余生安好。下辈子如果遇见你我一定会很乖。
288,傅佩
289,你说考上了大学带我回家，可是我们怎么就走散了，对不起都是我不好一直在犯错。一年了，有人取代了你在我身边的位置，可是我的愧疚让我没能彻底忘记你，每次听见你的歌，知道关于你的情况我都会哭得抽泣。对不起我错了，我真的知道错了
290,悲伤的节奏让我想起我曾当过搓澡工，有一次给客人搓澡，客人突然猝死，我吓哭，后来终于在眼泪中明白，有些人一旦搓过就不在。
291,你吃过口香糖吗？不甜了就吐了！像极了爱情
292,2019.2.1，我们互删了好友，我只想说，我喜欢你，很喜欢很喜欢！但没有资格去喜欢你.....
293,我把别人的微信都静音了除了你，刚才突然微信响了我立马点开一看，原来是微信运动提醒我，后来你的朋友圈已是一条线。
294,张智杰，我一直都在想你啊，如果你看到这条评论也想想我好不好。都说日子还很长，可我的心空了。
295,"后来―我等你
后来，我还在等你❤"
296,"书没读好
最好的朋友没能留住
喜欢的人也没在一起"
297,我就是觉得你真的是最好的男孩，只是少了一个给你提醒错误的女孩。我不在，希望后来的她能够让你变得优秀。
298,我们错过了  但是没关系  至少我不会忘记你
299,当时我120斤现在90斤还在听这首歌为什么火不火呢 emm
300,也许吧[大笑]
301,liao   ling  ai
302,总是失去才学会珍惜
303,哪来的什么后来，
304,再也不会担心和你断了联系
305,你那么年轻，未来还会遇到许多人，可不能抓着回忆不放，要明白啊，现在失去的是为了让你遇到更好的呢，还有啊那些人也值得你等待。
306,一百次感动也比不上一次心动  这是真的吗？
307,还是敌不过时间和距离
308,"你也不是什么好东西
可我还是很后悔和你错过"
309,我们分手了，我也开始戒酒了。等到我忘了你彻底放下你的那一天，我再端起酒杯，敬往事一杯酒，再爱也不回头。我怕我喝醉了会忍不住打扰你[心碎]
310,和声：梁静茹
311,有原版啊   [强]愿你们听不懂听不懂
312,不会
313,她是我放在心底绝口不提的宝物啊，是我没能成为她喜欢的样子
314,小时候听不懂 只觉得旋律很好听 现在一边看评论一边哭的稀里哗啦 人年纪大了容易听首歌就流泪 [流泪] 过去了的 其实也从未真正过去 每个人都有 一辈子的遗憾 但是没关系 很多年之后那些让你哭的事情 你都会笑着说出来 正是这些大大小小的遗憾 牵挂 才组成了我们的美丽人生
315,十七岁值得又不值得[可爱]
316,我会祝福他生活，但不会祝福他爱情，因为这是我用青春养的男人，是我用眼泪和争吵教出来的男人
317,你可真难忘
318,虽然我不知道以后会怎样，但现在甜蜜和暖都是真的，因为你是特别的🎈
319,奶茶。你教教我怎么才能做到？？
320,在这191692条评论里找到你，希望我们能走到最后。
321,也许我们就这样了，王先生，彼此不联系，任回忆一点点消逝，可我真的好想你，时间和新欢都忘不掉的你。
322,他笑得真好看[心碎]
323,后来的那个男孩，请你好好待她，她可是我梦里相见而不能见的人，曾经我可舍不得她受半点委屈。
324,"原来她唱的是自己，难怪唱了那么多次还会唱到泣不成声。
"
325,"第一次听，真的听出来栀子花的味道，那是她身上的味道；后来听是酸酸的味道，其实是不敢听，遇到开头就掐掉；现在听是淡淡的咖啡的味道，一听，只想到了白衣栀子花阳光，还有回忆淡淡的苦
你好，再见！"
326,世间只有颠倒配，哪有才子配佳人
327,爱情面前低头
328,哈哈。
329,当年，总是找机会向她要一根头发，后来，毕业，就再也没见过了
330,你永远都是一场梦   从开始到最后始终就一直是
331,多想像从前那样，不认识你
332,我真的很爱她，很想她。这是她最喜欢的歌也是她唱的最好的歌。她让我在爱情里学会的事情，我偏要让她享受到这本就该属于她的温柔。所以，我会好好生活，期待与她重新认识。
333,人总是在不成熟时去伤害彼此，不过总会在多年之后去后悔
334,令人心痛的是，当你已经知道真相，他却当着你的面撒谎。
335,嗯
336,“耶✌唱的好听吧?！”
337,后来，我不再拘束于是否有你
338,人都是在不成熟时互相伤害彼此啊
339,我敢在你的怀里孤独
340,每次从好哥们哪里听到你的信息  心总会颤抖下    你说过一别两欢，各生欢喜。  我放下了可能过年就要相亲结婚了找一个自己不喜欢的人在一起 浑浑噩噩过一生  下辈子我希望老天别让我遇见你  
341,让我不明白的是，我为啥搜索00年，搜索到这首歌，而身边都80.90后再唱[呆]
342,第一眼以为是你和你的弟弟[奸笑][奸笑]
343,"我:为什么会一直梦到同一个人
百度:她也在想你
我愣了几秒，原来他们说的百度会骗人是真的"
344,2000年毕业，到如今19年了，我都没有见过她。不过偶尔听旁人提前或突然想到她那个名字，我仍然会有心跳加速的感觉
345,我还是不傻傻地来评论了，
346,初闻不知曲中意，如今已是曲中人。这首歌听认真了会哭！
347,要么愚笨，要么转身[哀伤]
348,后来
349,笑死我了我的妈呀
350,为什么啊？都相爱为什么不能在一起   为什么啊？总是有那么多考验 为什么啊？人心就变的那么快 为什么啊？爱一个人不能爱到尽头
351,都说人这一辈子，最怕忽然听懂一首歌。不是听懂了歌里的世界，而是就突然看懂了自己的曾经。每个人心底里都有一首歌，未必是和某个人有关，而是怀念当年的那个自己，那个回不去的自己。
352,自我们初遇起 你便是我年少所有欢喜悲伤 .
353,他不会再回来了
354,对不起，那个有点可爱的黑炭少年，也许就这样了吧[哀伤]
355,后来  可能就没有后来了吧
356,明年我希望找个女朋友
357,我以为把你给忘了 差不多有个五六年了吧 但听到这歌在公交车上哭了 一千多公里了 错过就错过吧 
358,后来，我们，没有在相遇。
359,扎心
360,谢谢啊
361,"人这一生
会有多少个五年
从17岁到21岁
我相信我会嫁给爱情的
我依然憧憬爱情"
362,刚刚听Siri讲笑话过来的
363,喝多以后找你朋友问你的情况你朋友让我主动联系你.我忍了好久最终在那晚没忍住给你发了短信问你最近还好吗？你告诉我别来找我了晚安吧.我说嗯就是我想你了.后来我知道了你是故意把qq设置不让我加的.不爱了就是不爱了吧.
364,那是一个阳光很好的日子，他在我旁边轻唱着这首歌。我转过头，和他对视，又若无其事地转回了头。如果能再回到我们认识的第一天多好，那么未来一定会不一样。
365,昨天你给我说，这五年来，你好累，你问我累不累，其实即使我累，我也会说不累，回不去了。
366,感觉今天才真正听懂这首歌，或许是听自己的故事吧。
367,"后来的我们从形影不离到视若无睹
后来的我们从熟悉又归于陌生
后来的我们什么都有了却没有了我们
你说的我们没有彼此一样也能过得很好
可你不知道无数个睡不着的夜晚我只能悄悄翻着你的动态你的照片偷偷的抹眼泪
你不知道每次明明很想见你可见到你还要视而不见的辛酸
我希望你过得很好也不要让我知道"
368,蟹蟹[可爱]
369,正悲伤地听着歌 看到你这条评论噗嗤笑了出来[多多笑哭]
370,这首歌很有回忆吧
371,后悔未日
372,回来
373,我以为我忘记你了
374,嗯
375,可惜不是你陪我到最后…还是感谢你永驻在我心
376,方涛，对不起。
377,感慨万千 再也回不去了
378,到最后，我还是想知道你是否会为一个人放弃自己
379,今年年底满30，前段时间刚刚错过了一个我很喜欢的姑娘，今天还见了她，含泪祝她和那个她选择的人过得好。新年，希望我也会遇到个我爱的人，而且这次不要错过了。
380,回来吧，猪婆，莫文婷
381,"我和他认识了三年初三的时候才在一起的但我们分分合合很多次
每次都是因为一些小事分开后来又因为想念和喜欢和好了。
中考的前一晚我和他又分手了是他提的他没说原因。我也没挽留。我最后也没考上高中也听说他去外地上学了。那时候还挺失望的然后就失去联系了到现在也没再见过面。"
382,有故事的人
383,我来了你看
384,我等着
385,同城有缘
386,"我们彼此相向，渐行渐远，后来，总想在别人那里装作不经意地打听你的消息。
后来，有的人劝我放弃。
后来，我想见面只是陌生人吧。
我们都不回头，往各自的路上继续前行
为什么，连一个偷偷知道你消息的方式都断绝呢。
你不知道的是，我也慢了一步，2019我们在同个跑道上。
祝你高考高榜提名。"
387,后来我喜欢她，可是只是后来
388,我想拉一个群 没有小广告 也没有小程序 就一群漂泊网易云的人聚在一块 每天分享一首喜欢的歌  民谣什么都可以的 你点赞 我私你
389,最拍没争吵的分手
390,喜欢就主动啊，哪来的掉价这一说
391,是啊
392,好
393,对对对，万恶的输入法
394,后来再也不再见。
395,没有穆然想起，只有埋藏心里
396,他今天看我空间了
397,我又来了
398,嘿
399,哎，总想牵牵手就能一辈子，但却活在了上了床都没有结果的时代。[哀伤]
400,女生主动真的很掉价吗？
401,后来，在这十万多的评论里，我也不敢打出你的名字
402,后来我再也没有大哭大闹求你回来，纵然万般不舍，我也只是擦掉眼泪头也不回的往前走[心碎]
403,人生就是这样，自己的满腹经纶，但是真正面对了确只能沉默！
404,只可惜
405,嗯都是过去啦
406,回来吧 婉婷
407,他去操场散步只走外道，羽毛球打的很渣，后来，他毕业后，我开始养成散步的习惯，只走外道，但再也见不到那个人，开始打羽毛球，但是球场再也没有那个熟悉的身影。。。
408,"宠过我的他，结婚了，只是没想到半年没了联系就物是人非
"
409,哈哈哈，我才知道原来在她面前我一句话也讲不出口了。
410,11.10，我们去参加共同好友的生日，大爷劝你和我在一起，其实说的话我都能听懂，只是不太敢看你的眼睛，晚上的时候你告诉我往后会和我在一起，我想，我们在一起这件事应该是我花光了所有的运气吧，我始终忘不掉那天你一遍遍喊我的名字和亮晶晶的眼睛，暖暖的拥抱和深深的亲吻。好像不甘心又好像不遗憾
411,我之前也是。
412,你都如何回忆我，带着笑或是很沉默
413,正好听到这句话点开这个评论 😂😂😂
414,之前她很爱你。记住了，过去她深爱你。
415,别翻评论了，好好欣赏一首歌的前奏吧[大笑]
416,也许吧
417,就算知道会分开，如果可以，我还是想和你在一起
418,摸摸头
419,想去就去，不要让自己后悔就好
420,听着听着眼睛就红了
421,第99个赞。希望你和我都能和喜欢的人99
422,听着伤心的歌，看着扎心的评论，打开QQ望着得不到的人，最终我打开了王者荣耀
423,后来也就没有后来了
424,张爱玲说的话都是骗人的，时间和新欢可以依然忘记不了一个人
425,后来，我们走散了。
426,后来的我们依然走着  只是不再并肩了。推开我的那一刻  快不快乐
427,我可以去找你么？
428,一旦错过就不在
429,我现在好想你 怎么办啊 我从别人口中听到的你 已经不是原来我喜欢的那个样了 可是可是 …我好想你啊 说不出来的感觉 lxr
430,然后，我知道你不是真正的爱我，所以错过了很好，毕竟我不想撕心裂肺，毕竟我爱不起来了，所有失望都是积攒出来的。我会全力以赴去爱下一个人，不是你，真好，因为你，不值得啊
431,我离开了你，我的世界一团糟，还不能接受一个男孩子闯入我的生活，可是，后来啊，在往后的三个月，都枕着湿湿的枕头，那种心痛的感觉让我窒息，我们宿舍楼隔了200多米，可是我知道，你被我伤过火的心已经走出光年之外。你没有联系我，我生气也没用
432,"地理
“你是塔里木盆地，
我是来自太平洋的水汽，
我长途跋涉、
竭尽全力靠近你，
却永远达不到你的心里。”"
433,后来只有我，没有我们
434,陪你走了好几个城市了 今天咱们摊牌了。嗯 放心吧 我把你送到家之后我就永远离开你
435,坦白说当时就不该开开
436,好听
437,今天坐在大巴车上在回家的路上。我们也有好几年没见了吧，希望今年也不要碰见。
438,哈哈哈哈哈哈 笑死我
439,我还是超级超级喜欢你 还是很想很想在和你在一起 我遇不到像你这么好的女孩子了 当初把我带出难关的是你 现在让我重蹈难关的还是你 我多想再和你说一句我们和好吧 都怪太要面子了 我知道 都是自己惹的祸 可是 就算我把话说的在绝 明天醒来还是会喜欢你 我有多没出息 你知道的 我想你了 很想很想
440,小时候就喜欢这首歌，那时候听了装作很懂，却还是错过了很多人。
441,留个纪念在这里，我以后遇到真爱会回来看望过去的自己，别放弃！嗯  加油
442,感情没有饶过任何人
443,我还是超级超级想你 还是超级在一起 失去的代价就是自己的无知 我多想在跟你说一句我们和好吧 可是 都是太要面子害的 其实 就算我今天把话说的在绝 明天醒来还是会一样喜欢你 我多没出息 你知道的 当初是你陪我度过难关的 现在还是你让我重复难关 我害怕了 我很想你 很想很想
444,你依旧不懂
445,我跟你一样，可是她已经有男朋友了。我只能默默守护她了。[汗]
446,送给你，生日快乐
447,你真的不知道 现在陪在你旁边那个知道考虑你的感受不会跟其他男生闲聊只对你一个人有很多话说的那位女生 是我高中时期用了多少夜晚多少眼泪多少次纠缠和争吵才变成的 所以啊你一定不能辜负她对你的期望 替我好好照顾她好好珍惜 祝你们幸福
448,是个狼人，，，
449,后来我总算发现  这首歌也是来自岛国
450,2019.02.01我去找你，你不见我，然后我就知道了，有些人错过了就错过了，在车站单曲循环，可是我还是透过玻璃看窗外，我在想你会不会突然出现在马路对面，那我一定飞奔过去拥抱你，然后吻你，然后说：“我错了“，然后我们又可以在一起了是吗？可是我呆呆地看了快一个小时，你都没有出现。
451,四年级的时候我不懂这首歌 今年高一 我懂了
452,"我和你
相识在一个恰好的时间
相恋在一个美丽的季节
分别在一句意外的信息
从此我们断了联系
可是后来兜兜转转我们又在一起了
可是却发现我们已经回不去了
在我们最美好的时光里错过了彼此
等到我们后悔的时候却发现这已经是我们错过却无法挽回的青春了。
谢谢你，但我们终究还是错过了彼此，没有后来"
453,是真的不爱了啊
454,为什么这么想笑啊……比花生米还下酒[大哭]
455,那些我以为熬不过去的日子，到后来都回不去了
456,后来我终于变成你喜欢的我所讨厌的模样，可你却不在我的身边。
457,可以好听
458,好听的话
459,kl2
460,我爱的人不要我了。。。
461,[憨笑]文艺哦
462,后来 你已不在
463,现在的我不是很好，没有谈恋爱，高中生活过得没有多么精彩，看书，写字，不知道自己想要什么不想要什么，看不清未来的样子，很喜欢动物，一直以来也想养一只狗，有时也会孤单迷惘不知所措。很遗憾的是一直没能成为父母的骄傲，总是比不上别人家的孩子。许愿：希望2019年我能更加充实自己❤️
464,我不仅累而且心还很痛，可是我们还没分开，毕竟感情是轮回的，希望你的下一任不爱你这样你才知道爱一个人多痛
465,张，从一开始都是我在服软道歉，我总是骗自己你只是还没这么的爱我，后来我才知道，其实你的女性朋友更重要，她陪你走过最难的时光，每一次的分手你都会说，分开吧不后悔，一次次的流泪一次次的低头挽回一次次的容忍你对别人好一次次的微笑一次次的吃着救心丸，你说的我爱你你知道是没有温度的吗？
466,真难过认识你啊.
467,答应做他女朋友的时候，开心的要跳起来，自己在QQ空间发了一条私密说说。然后一年后的一天给了那条说说回复：谢谢你陪了我那么久，我真的很开心，真的很开心，只是现在在哭而已。
468,想哭啊
469,你会是谁的呢
470,我把我的所有都给了她，我还是没能让她喜欢上我。相处三个月，在一起没有到一个月，最后她还是跟我说我们合不来，陌生人如果你看到你能不能给予我安慰。
471,我第五步了
472,我才16岁，如何懂爱……叶桐，在你眼里，我只是个陌生人，可是在我眼里，你是……💔
473,王紫研我想你了
474,是我先删的他。。。我跟他还是没有后来。。。。
475,我曾经听人说过，当你不可以再拥有的时候，你能做的就是不要忘记
476,突然会想起你，当年正式的分手都没有
477,后来，   唉，算了
478,感觉自己得了一种病，忘记，即使是刚刚说过的话，会波动，会疼，但还是会转眼模糊，忘记。可能是我心不大，它打开了自我保护系统吧。
479,哈哈哈天秀
480,"永远不会再重来，有一个男孩爱着那个女孩。
lt❤zw。今天你把我删了[呆][呲牙]，我真的很希望以后有另一个男生给你幸福。对不起，白天，我流不下眼泪。[心碎]2019。2。1"
481,初听不知曲中意，再听已是曲中人。 曲中思念今犹在，不见当年梦中人。
482,我有一千种一万种想见你的理由，却唯独少了一种见你的身份。
483,后来 我的世界再不会有你
484,点赞感情回复[爱心]
485,嘿，别管那么多了，就是想跟你在一起怎么了？
486,劳资不缺朋友，只缺你。
487,希望你的黑名单里没有你爱过的人[拜][拜][拜]
488,后来🍃
489,[多多难过][多多难过][多多难过]
490,我特别怕这样
491,人都是自私的
492,会遇到更好的，加油[爱心]
493,祝你属于你的幸福很快到来，然后幸福一辈子
494,"先生是我漫漫余生中斩钉截铁的梦啊
我一点也不后悔遇见你."
495,我也应该坦然面对
496,我们在一起八个多月  有过四五次左右
497,"后来你和她在一起了。
成长路上少了我，你也能去得了你想去的城市，不需要我的鸡汤，也能实现的了你的梦想，成为不平凡的平凡人。祝你好。"
498,"后来很喜欢的人和很要好的朋友在一起了。
后来我学会了坦然面对。"
499,后来，我总算学会了放手去爱
500,你变得成熟了稳重了，可是却离开了，原来感情不过是前人栽树后人乘凉。[哀伤]
501,愿你即使在最朴素的生活中，也有所热爱，有所坚守，即使明天路遥马亡，初心依旧！
502,唱了那么多年后来，恍然一回头，那么多鲜活跃动的灵魂撞击，却还是没有后来。
503,长大了
504,后来，你说我变了，大大咧咧的，像个男孩子，可是在酒的洗礼下蜕变的
505,和声。
506,我想拉一个群 没有小广告 也没有小程序 就一群漂泊网易云的人聚在一块 每天聊一聊或者分享一首喜欢的歌  民谣什么都可以的 你点赞 我私你
507,现在回忆起以前有好多好多扎心的，我不知道为什么会喜欢你，我就想对你很好很好很好，希望你能永远记住我，这个不分昼夜陪你聊天，这个送你皮肤，这个有什么都想着你的女孩
508,我真的是太喜欢你，所以才会这么卑微，我们的朋友过生日，我们都发的小作文，她给我回了“谢谢”，给你是很长的一段话，可是，她不知道两篇小作文都是我写的呀，我知道她对你不一样，你也看出来了，可是你没有对我说什么。后来她的生日礼物也是我替你挑的，她送了你一份回礼，而我只是“谢谢”
509,你都如何回忆我（回蚁窝），带着笑，或是很沉默😊
510,不敢联系，在忍不住想你时，在好多忍不住哭泣的时候，我一个人继续往下走。其实我给你发过消息，只是我知道你不会看也不会回复。真难过，我忘不掉你。你可不可以告诉我怎么忘记你，我真的很难过很难过，做任何事情都会想起你，想起你说过的话。
511,以前我和他也经常吵架 分分合合无数次 最长的时候冷战了三个月 结果还是和好了 但迎面而来的还是吵 怎么说呢 在这无数次吵架里面 我们的感情可能都消磨没有了 所以我们分手了💚
512,遗憾吗？关于我们…
513,我没有停止喜欢你，我只是不表现出来因为我无论多么努力，你都不会明白。
514,我昨晚梦见你和她在一起后不要我了 我吓醒了才四点多 立刻找你 我告诉你我做的噩梦 你居然回我了你却告诉我不会的 然后我很高兴擦了擦眼泪 没有告诉你我哭了 哭的撕心裂肺 然后今天我们就分手了 真好啊
515,"什么是后来
"
516,太多年少事 大多疾无终
517,待我长发及腰，少年娶我可好。待你青丝绾正，铺十里红妆可愿
518,看评论引起了我的强烈不适，能举报吗
519,至少喝醉了喊的是你，真心爱过。
520,以前 海底月是天上月，眼前人是心上人。现在 海底月不可捞，心上人不可及
521,谢谢你出现在我的青春里，带给我那么那么多美好的回忆
522,我很想你，可我的自卑在作祟。
523,真希望在电影里过日子，下个镜头就是一行字幕：多年以后。
524,"后来    我就真的放下你了
至今还记得   你说  别来惹我"
525,男人最遗憾的事就是在自己一无所有的时候却爱上了一个想要永远守护的人
526,我十几岁就会唱后来 可到现在才哭的最惨.
527,你真的忘得了你的初恋吗？每次听到这首歌总是会泪流满面。
528,“那时候的爱情，为什么就能那样简单”
529,睡抢先赞了，然后我就是二楼了[多多大笑]，沙发出来
530,他有对象可我还是好喜欢他  为了他我放弃了很多改变了很多 我努力变得更优秀 他说他也好喜欢我只是不能给我一个确定的未来 我说我只要他能幸福 含着眼泪说出这句话 后来他该如何回忆我
531,但是吃起来会更有韵味
532,有些人一旦错过就不再，不再就不再吧，也没啥可留恋的，你负了我，终有一天，也会有人负你，天道轮回，因果报应，我不相信就我自己活该被你伤害
533,你也在互联网上听过这么一句话吧:愿意给你买东西的男人不一定爱你，但是不愿意给你买东西一定不爱你！
534,他开玩笑对我说：你耳朵小，看来命里福薄。我没对他说：因为你娶的人不是我～
535,同城耶 木啊[亲亲]
536,同城 木啊[亲亲]
537,以前我从来不轻易哭，可是自从遇到你，眼泪就不值钱了，我对先生的喜欢，只能到这里了，我总不能，再把命搭进去
538,都他妈给我哭，快点，你们快哭
539,"听问爱情
十有九悲
何不两清
做回甲乙丙丁"
540,我好累啊，但是我不想放弃，我舍不得啊，即使遍体鳞伤我还是想陪在他身边
541,思念放过谁呢
542,后来在没有我们   💔
543,很想很想很想他……………虽然明白有些人一旦错过就不再………可是还是放不下怎么办…………………………
544,我喜欢你，就像你喜欢她一样好💔
545,伍玉，我们还能再见面吗？我真的很想你
546,后来 我发现很多歌里都藏着自己的故事。
547,后来，我没有等你
548,总说不爱了，可分手后就立马就找了[多多捂脸][多多捂脸]只是自己一厢情愿罢了，你难受并不代表ta也是难受的
549,可以的哦(´-ω-`)，我就是😀😳😭
550,有些人一旦错过就不在，可是你不是我的有些人啊。
551,可思念只会愈演愈烈，想你了，我等你。
552,什么叫版权回来了。。。
553,后来，我总算不再期待你的消息。我要重生了，你，我这次真的真的不要了，要不起。
554,我因为这个电影   分的手[大笑]
555,一样😄，喜欢了十四年又能怎样，表白了又能怎样，一切都没改变，有些时候喜欢和不喜欢就是隔着一条银河，再努力也是一样的，放下吧，虽然还会梦到，虽然模糊到只能在同一片星空，但，还是放下吧。
556,真的不知道现在怎么办  真的很喜欢他  他也是  可是我现在竟然怀疑了  怀疑他是不是真的喜欢我
557,我很喜欢他  爱他  但是现在  我们老是吵架  总是会为一丁点小事吵  以前我们吵架他老是提分手  后来我说了就很少了  每次说分都没分  分不开  分开了两个人都特别难受我哭的死去活来  他也很难受  现在好像回不去以前了  以前吵完架好了  现在不是了  吵一次感情就会变淡一点  不会像以前那样了
558,会的
559,但是他一哄我就好了  不会大吵大闹  我特别粘他  很依赖他  做什么都喜欢和他一起  他去哪里都要带着我  我也喜欢被他带着  有时候感觉他就跟我爸妈似的  尤其是说我的时候  有时候说着说着我就笑了  他也跟着笑了  虽然我脾气怪怪的  但和他在一起之后我改变了很多  和他在一起真的很开心  很幸福
560,我对他很专情  愿意用全部去爱他  可以为他放弃所有  真的是掏心掏肺的那种  但是他给我感觉  他喜欢我但不是那种完全的喜欢  他有很东西都不让我知道  有很多东西瞒着我  没有坦诚相对  在他面前我没有秘密  什么都愿意和他说  我在他面前就像个小孩一样  他也是这样说有时候还很幼稚  会耍小脾气
561,当初要是冲动点，现在也不会孤独，但我这人就是不会冲动啊
562,豆腐了解一下
563,他说他真的很喜欢我  当然我也很喜欢他  可是我感觉不到  我感觉到的是他的朋友重要过我  对我感觉不是很上心  我感觉不到  以前我觉得他对我真的很好  但是之前发生的一些事情  我就开始怀疑了  好像以前对我的好都是假的   好了  不说他了  说说我对他的感情吧  我和他刚认识的时候
564,遥远的她[哀伤]
565,但是他不喜欢我和我的朋友一起玩  他说他不喜欢我和一些他不认识的人玩  他会吃醋  可他们都知道我是有对象的  一起玩也没什么  可他就是不喜欢  那我自己一个人玩也没意思  我也有和他玩  但有时候他没空陪我玩  我就只能自己玩   我和他解释过但他还是生气  我很无奈  不知道要怎么说了
566,我有个对象  他对我特别小气  脾气也有点坏  有时候出去逛街想买衣服或者是一些小饰品  但他总是拒绝  觉得我很物质  可是我心里并不是这样想  我觉得情侣出去逛街买东西是很正常的  我认为这是种情趣  并不代表什么  我不喜欢玩游戏  他这几个月喜欢玩吃鸡  因为他我也学着玩  后来会了  有时候自己玩
567,"没有能力对你好的时候 恨不得把所有最美好的都给你
有能力对你好的时候 你却有了另一个选择。
后来我们长大了 学着用钱去计算浪费 却再也给不出真心"
568,"后来
我没有谈恋爱
一直妄想会遇到一个和你一样对我那么好的女孩
但是我知道
我遇不到"
569,我曾当过搓澡工，有一次给客人搓澡，客人突然猝死，我吓哭，后来终于在眼泪中明白，有些人一旦搓过就不在。
570,宝贝我爱你，我不喜欢你哭。你听这首歌哭了我也很难受，我不会和他一样的。我爱你，是用心的爱，不是嘴。我等你长大然后结婚。我永远爱你我的宝贝
571,"liuxingyu,分开6年了,我们越走越远。真的错过了,希望你一切都好"
572,抱
573,世界那么大却没有我可以容身的地方.世界那么大，却没有一个可以依靠的肩膀.世界啊世界可不可以小一点.
574,我好像错过了他  生活嘛没办法  连最爱的人也不得不放手
575,你都如何回忆我。吴雨桐
576,后来，才知道这是首日文歌
577,你还好吗？死不了 我还活着
578,错过了 但这些年虽不知你 还好吗！可当你加我QQ哪一刻我想回头 原谅我不够勇敢
579,后来，，却是，没有后来！！！呵呵呵，好，真好，真特么的好啊！！！
580,你又胖了
581,你都如何回忆我（回蚂窝），带着笑或者是沉默
582,我叫她未来
583,爱了她五年了 分开一年了 我只要还活着 我就不会忘记我们曾经说好的后来
584,别因为自己的懦弱，失去你爱的和爱你的人，或许当初的我只是个胆小鬼，我不敢不敢说爱你，你走了，我没敢挽留，我哭了，不知道为什么哭，我知道我后悔了，可是有些人或事错过就是错过了。
585,我明明没有故事。为什么听着听着就想哭
586,我们的后来只能是这样了吗？           没有结局的后来。                 -----马六六儿
587,后来发现， 珍惜是一开始就要学会的一件事。
588,听说，这个歌手，她是……基督徒。果然唱的非常的感人至深。因为我这个可是从内而外发出来的。
589,记得 初中和高中和你在一起那时候啊 总是在学校里偷偷拍你的照片 上课在草稿本上写满你的名字  校服上写你的名字 偷偷去篮球场看你打球 特意穿过走廊看你一眼 周六一起去公园散步 买上两杯奶茶 手牵手逛上一天 以前可真好啊 
590,我们都要好好的
591,同道中人
592,我现在都不敢去，和她去过的地方，都是回忆
593,你可要过得很好啊  不然对不起我的不打扰
594,2018.12.24听你唱后来 今晚看完了后来的我们 希望我们不会错过
595,明天吧哈哈哈哈哈
596,这首歌真的是初识不知曲中意 再听已是曲中人
597,"我不后悔亲手推开了你，只是后悔没有让你亲耳听到我的爱，再见了，我的青春啊.
2019.1 .30"
598,后来的我依旧什么都没有。
599,BBS
600,过去就是过去了，得学会放下，人总不能一直活在回忆里，不管都别再试着去想或者去回忆了，就像凉了的饭菜，就算再加热一遍，也不是原来的味道了
601,后来...我们没有了后来
602,或早或晚、那个人总会到的，到你的身边陪着你，一直到最后，吵吵闹闹，和你一起带着你们的结晶一直生活，到老去，没有遗憾，幸福的老去，希望每个人都能找到那个爱你的人
603,王奕慧💔
604,谁能想到呢，让大家感触颇深的后来其实是首日文歌
605,高三离校的那天，大家都在收拾书本，突然，学校广播响起了这首歌，所有人放下书本齐唱，后来。。。
606,大嘴。我走了。你就这样沉默吧💔💔
607,可能是想起了徐行吧
608,重度抑郁、那个爱笑的我去哪里了？
609,我再也没敢给人说起过你。
610,后来、我终究还是没放下你、我已经彻底输给感情了！祝你幸福。
611,就在今天我碰到了每当听后来想起的那个人
612,“ 十几岁的时候，我遇见了一个清风明月般的人。我什么都没想，我只想爱他。”
613,太真实了吧！！[开心]
614,有时想喝酒，去酒吧，偶然会听到这首歌，就会跟着唱，眼泪会也不争气的掉下来，不知道何时变成这样的，唉
615,不知道是怎么个回事，不知道自己几斤几两，不知道情况如何 ，有感觉去追，也是蠢到家的操作![汗]
616,"“你会娶我吗？”
“你能娶我吗？”"
617,真有感觉啊
618,都是悲剧？
619,现在老远见到你  我都躲的远远的。
620,她找到了她的爱了，我也不想在没意义的等下去了，我选择了放下，我承认我很不甘也很不舍，我输了并且输的很彻底，我不会再打扰你了，我以前以为你是我的全部，却没想到我只是你的过客，算了看到她能幸福我也认了，嗯要好好的不能辜负了我对你最后的愿望了
621,对爱情真是一无所知啊
622,我这一辈子啊，到现在二十岁，错过了两个人，第一个是我暗恋了八年的人，第二个是和我谈了八个月的人，我都错过了，我想以后再也不会去喜欢上别人了吧
623,"总是想起以前从你教室前经过，
或者我站在走廊上等你经过，
看一眼，假装很正经，其实心里乐得不行
特别是有阳光的日子，照在你身上，看着你的侧脸，感觉惊为天人
只是后来，便没了后来"
624,以前听这歌没一点感觉，只觉得好听，不明白为什么这么多人奉为经典，现在的我也可以感觉到这歌中的意境，很喜欢那句，后来总算学会了如何去爱，可是你早已远去，消失在人海，说出了多少人的心声和悔恨，后来当我学会了如何去爱，可是你早已远去，消失在人海....
625,后来，后来哈哈哈哈哈哈哈
626,我好像喜欢你
627,后来没有后来  后来永远不会重来...
628,后来在人海里真的找不到你了
629,我也是
630,如果愛 為什麼你會離開.
631,你要清楚  没人要你  要自己好好努力  自己照顾好自己  加油……孤独患者
632,真的好想你，一开始到底在倔强什么呢？我希望多年以后，你还是那个能让我心怦然一跳的男孩，谢谢你，将我拉出阴霾，谢谢你！我爱你，再见党凡
633,谢谢你
634,如果有来生我还会选择爱你 直到永远 这是我永远都不会改的决定 来到世上 遇见你我很幸运[可爱] 我也会努力的去见到你
635,H我想你  那么远又那么近   希望你不要离开  让我留在你身边好吗？
636,s1lin 想你了，很想很想的那种，好想好想等你毕业了去找你
637,"李辉
谢谢你啊！
给了我情窦初开.我的青春回忆都是你
后来啊
我学会了怎么去爱
可是你走了啊
走吧
王蕴晖这辈子第一次这么喜欢一个人
也是最后一次
我想你了！
以后那个女孩子
他手凉
你一定要给他唔暖啊
我手凉.就不唔了"
638,"不甘心我总在扮演无理取闹的角色
不甘心我总把时间浪费在跟你争吵上"
639,就当我是不甘心吧。
640,星座分析说。双鱼谈到前任的时候大多都是不甘心占上风。
641,明晚要早睡[大笑]
642,加油
643,我很久不抽烟了。也很久不见你了。
644,"你还会喜欢刘若英吗。
你还会听一听 这首歌吗。"
645,2019.02.01加油，离开才可能拥有，知心难遇，遇见你不后悔。
646,越来越。
647,再一次。
648,我不想要回忆。想要您。
649,我喜欢你苍茫大海  痛过失过态  再没后来
650,大概以前太甜了 所以现在觉得微甜就可以满足了
651,戴上耳机，你就是我的回忆。
652,黄琦兰，我一直一直一直喜欢你
653,好讨厌凹。为什么以前的时候我不可以好好珍惜跟你恋爱的时光呢。
654,"还是很想念您。
好久以前跟你恋爱用过的qq也翻回来重新登录 看到好多以前的东西 好像 以前总是在跟你吵架一点也不懂事
想到好多好多以前的事 又好想很少很少 最近一次见面也是一年前了
我在抽烟呢。你问了朋友一句怎么都这么社会了啊。
好难过凹。
我想抽一根烟壮壮胆子可以好好看看你。"
655,"爱一个人是劫
有人劫后重生
有人在劫难逃"
656,余珍沛。
657,对不起笑话听太多了我连校都懒得应付了
658,后来，有一个人只身对抗世界，孤独的很热闹
659,梦什么的忽略就好了，如今泪流不止的心告诉我，不知从何时起，拼命压抑着快要溢出的，隐藏着的情愫，想传达的思念泛滥成灾，为什么?为什么?事到如今还是眼泪簌簌。不要哭了，别再哭了，逃避正视软弱的自己。终于，如今我终于明白了，我是如此的思慕着她
660,房间里四下漆黑一片，相同的夜晚重叠在一起，不知不觉外面下起了雨，盯着天花板，听着悲伤的情歌，泪水沿着脸庞滑落，原本，原本我就是一个人。真难受，脑子里充满了关于她的一切，真难受，心痛牵扯着呼吸的感觉，真难受，忘不了，放不下，做不到
661,我还是放不下你，对于你的每一样我都记得很清晰，无论你咋个伤害我，但是，我都还是喜欢你，你喜欢吃的东西，你喜欢的球星，你喜欢的颜色，你喜欢的奶茶……每一样，我都记得很清晰，但愿早点放下你吧！
662,"当年该傻傻的把两个人的头发绑一块夹在字典里 夹在你名字的那一页

不    那是青春"
663,KTV必点[西西机智][西西机智]
664,烟烧了手，酒上了头
665,是的
666,真的不愿放手
667,我他么刚点上眼翻评论
668,带着笑或是很沉默
669,"我每天看你多少遍  我自己都记不清了
我不主动发  你从来不发
天天循环   也不知道自己还能坚持多久
我在意你的一切一切
其实我很在意你知不知道我很在意你
真的。。。宝贝儿   失望攒的太多了
我何曾不想放弃 真的是太累太累了
每次失望攒够   但是总觉得那都不是真的。。。不接受现实"
670,有些事情回忆时最美，我们还是要向前看
671,他为什么不喜欢我 真奇怪
672,后来 你还好吗
673,我没有经历过什么刻骨铭心的爱情  只谈过一场恋爱  分分合合似乎成了这场恋爱最大的看点  从欲罢不能的新鲜感到经历了两年多已经变成了平平淡淡  我不知道我还喜不喜欢他  但是他不回我信息  我还是会焦虑  他和别的女生说话我还是会吃醋  可是我没有从前那么在乎他  吵架也不会再急着先找他
674,多庆幸 你是我领略万物后 仅存的心动
675,我以后不会轻易谈对象了，只会找一个能陪我到最后的，在找寻她的这些时间我等你回来🍂
676,步步清风步步你
677,王铭野，我很想你
678,对不起  我还爱你
679,后来呢？
680,"年少时也喜欢过一个女孩
但现在想想感觉已经是上个世纪的事了
有时候觉得唉只要对方过的好就行
还是会想起经常看看对方的动态
其实你总是自己骗自己
还年轻下次好好珍惜吧
已经过了3年了
心里还是她
希望她越来越好吧"
681,深夜想起你喜欢这首歌，而我仿佛变成了后来。。。
682,有些事情有些人错过了真的就错了
683,本来是想的和你有未来 慢慢变成了后来
684,可是我已经有了新的生活
685,本来想的是和你有未来
686,可是那样真的很难啊
687,但那又如何？，即便无粥可温
688,我爱过你很深，宝贝
689,年少时喜欢一个男孩，后来啊没有后来了
690,hz
691,我觉得在一起过就没什么遗憾了毕竟拥有过
692,至少她还曾经在你身旁走过
693,"是烟不好抽
还是酒不好喝
碰什么不好
偏偏要碰感情
（话糙理不糙）"
694,我会像你说的忘掉你，就想戒烟那般简单[钟情]
695,晚安陌生人
696,年少时为什么一定要让深爱的人受伤[哀伤]
697,十七岁啊十七岁，总让我会想起十七岁那年夏天的美好，冬天的失神。
698,"锥心般痛的还是这几个牙齿 牙科诊所也还是这一家
突然给了我一种“人面不知何处去 桃花依旧笑春风”的感觉"
699,快18岁了，后来我终于懂得要长大啦[多多大笑]
700,如今我生活在你生活了十几年的地方，碰到的永远是回忆里的你。回忆里的你淡淡如月光，早已没有了眼眉。哭了好几年，眼泪冲散了当年的痛楚，也冲走了再也无法触及的自己。宜悲或宜喜，宜喜或宜悲。更宜借此曲聊表谢意。
701,后来，暗恋还没说出口，他就走到我再也找不到的地方了，我想说，那我就不暗恋你了，但是 说放下时放不下    说不喜欢的时候喜欢又多几分。
702,喜欢上一个姑娘
703,期望你能找到那个珍惜你的人儿，有些事只要把美好的部分留在心里就可以了，那么甜蜜，那么美。
704,来日可期
705,繁华的小街道 我们隔着一个人而过 一个余光就认出了你 想都没想的就把脸埋进围巾 各种招牌的灯光很温和 小吃摊也很温暖 你有你的朋友 我有我的家人 走了有五十米 我还是回了头 什么都没有 仰头长长的呼出一口气 看着消失的雾气 我早就放下了不是吗 那个王八蛋 为什么心里还是闷闷的 鼻头也有点酸
706,后来，终于在眼泪中明白，有些人一旦错过就不在。
707,这么多年，第一次评论这首歌，感谢网易的心动模式让我在深夜里感受到孤独[心碎]
708,"太在乎你，所以假装不在乎[吐舌]
。
。
。
。
。
。
祝你幸福[可爱]"
709,听说一个人频繁地出现在你的梦里，说明那个人开始渐渐忘记你和与你在一起的回忆。我又梦见你了，我开始害怕了。
710,我……想你了，可是这话却只能藏在心里不能告诉你，这首歌是你最喜欢的歌，我不知道你是否会看见这个评论，九天之前是我的生日，你说你总是忍不住的想要送我生日礼物，我说我什么也不缺，其实，还有一句话没敢说的出口那就是：只缺你！
711,kl
712,后来的事，没人知道。多想没发生这一切，可以顺利的走完后半生。奢望这世上没有谎言，没有不背叛。只有阳光，雨水。
713,"慢慢的大家会明白的
无法跟喜欢的人在一起
其实是人生常态."
714,每天太忙忙什么，忙到手机充电器离不开手机，忙着要去敷衍，想着怎么删聊天记录，想着在什么时候删哪一段，每天祈祷有些人别在不该发信息的时候发信息，看到了不好解释，你总有理由，当然那也会是我放弃你的理由
715,总是失去了才懂得珍惜
716,有些人，一旦错过就不在
717,为什么每次想她的时候，就想听听这首歌？
718,你给世界什么姿态，世界将还你什么样的人生所谓的光辉岁月，并不是以后闪耀的日子，而是无人问津时，你对梦想的偏执
719,为什么总是我在追你，总是我在看着你的背影，却那么遥不可及，你何曾回头[皱眉][皱眉]
720,后来就变成自己哈哈哈
721,刚刚几年没联系的他给我打了个电话 电话里他问我怎么还没结婚 一遍一遍的说着希望我过的好 电话这头我用爽朗的笑声掩饰着自己已泪流满面……谢谢你我过的挺好的
722,听完我就去睡觉
723,说
724,我今天生日，所以你一句话都不说吗
725,仏
726,我多想再见你，想和你好好聊聊。想告诉你我已经变了，不再幼稚了，想告诉你我已经能照顾好你了，会心疼你了。你的离开让我成熟了。但是希望不要再见了，我真配不上你。你要好好的！找个比现在的我更懂你照顾你的！
727,分开第323天，晚安。
728,我用了好几年听懂了后来
729,谢谢你，熬夜不好
730,谢谢你，早睡
731,有些人一但错过真的不在了…
732,后来啊     你交了男朋友     我听懂了后来
733,你不是说过我们不会分开吗？但是现在我好像找不到你了
734,后来，我们就再也没有了后来。
735,他在那里我在那里，两次对视，两秒后我避开了，他也避开了
736,我只想知道，我喊你一声，你会不会回头？
737,三里清风三里路
738,以前喜欢旋律，现在听懂了歌词
739,回不去的曾经，回不去的人；回不去的年少，回不去的梦
740,有时候出场顺序很重要。
741,唔，作为一个00后，去KTV必点的一首歌[口罩]
742,比起那些远大的梦想，我更想记住这些热泪盈眶的时刻。
743,结局总是不尽人意的
744,我想和你有未来，可是好像快要变成后来了
745,后来，没有后来
746,哭了T﹏T
747,我等你，我们的后来，我的一生。后来，你会回来吗？
748,后来的我们还是没有走到一起
749,我在这里 你还好吗？[钻石]
750,那就从今天开始   做个幸福的人
751,有很多好友  只走到第二步
752,谢谢你，和你在一起那段时间，很开心，也教会了我很多东西，教会了我要怎么爱一个人，怎么去关心她！随然，我想在心里带着许多恨，这我不隐瞒你，因为，我对你付出了最不值钱的东西😊， 真心  ，我还是很在意你，之所以把你的所有删了，是因为，我不想再来打扰你和他，真心祝福你们，愿你们能好好的
753,后来你走了.[心碎]
754,听故事的人总问后来呢，讲故事的人早已泪流满面。
755,听得泪流满面。我们分手了。
756,加油兄弟
757,再也没有什么后来了
758,以前总是觉得虽然不在一起了，只要没结婚我们都有机会，可是结婚了，这辈子再无可能了……
759,晚安
760,后来，想象了很多个后来，和你也去看了后来的我们，可后来的我们也真的离开了，祝你幸福
761,没有前任，余生只有前妻。可怜之人不尽然都有可恨之处
762,倔强的我们终究没能相守，星爷头发全白了，华仔和学友再也不能像以前那样一年开上百场演唱会了，春十三娘走了，想不到像星爷一样用一辈子证明一些事情很简单[多多大哭]
763,看这里的人评论我突然发现好像我被学校政教处扼杀的爱情是多么微不足道
764,真想问你一句 当初你回答那么干脆 后来有没有后悔过 有没有想过要挽回  有没有跟我男闺蜜一样 撕心裂肺 到 询问别人怎么去挽回 哪怕只有一点点念头 我也不后悔爱过
765,我也爱她
766,其实我也爱你王柏涵
767,第一次唱这首歌邱伟东在旁边，他已经有了女朋友，唱完死党小声问我是不是在借机表明备胎到底，其实有不舍，但不是不能割舍
768,"又看一遍一起看过的电影 			自虐……没办法  37天了尽管我们没了微信联系方式 你连个电话都不愿打
今天我男闺蜜跟我聊了半天 都是关于问我如何挽回她女朋友 问我怎么缓解痛苦 我给他说了快一个小时……但就是我不知道怎么缓解自己痛苦 大概就是装作一副无所谓的样子吧"
769,难以承受之我爱你
770,听着听着，眼泪就流了……
771,合声：梁静茹[惶恐][惊恐]
772,今天出啥事了
773,加油。
774,不知眼前人是谁
775,现在 真的相信有些人 一旦错过就不在.
776,这首歌算是我第一首认真听的歌，记得那是零几年的时候了
777,我今天取消了对你的特别关心，取消了置顶
778,以后我就不再给你发早晚安了，这一个月打扰了，大火花明天也就灭了
779,看了好多遍终于看懂了
780,谢谢你
781,“十七岁过去了，我以后再遇到的人，都是心里装着别人不会爱得完全的人了.”
782,回不来了，谢谢你
783,嗯哼？梁静茹给这首歌和音？
784,有时候我们路上擦肩而过的陌生人，可能是某些人做梦都想见到的人。
785,额，开心点。
786,我也是这样对他说的[流泪]
787,十七岁仲夏你吻我的那个夜晚
788,[多多难过]
789,总是在错的时间遇到想过一生的人
790,我要如何放下你，后来.....
791,后来……我也学会了放手💔
792,未来へ
793,就这样吧，别再回头了。
794,"谢谢你啊，让我懂得了，什么叫患得患失，什么又叫冷暖自知[心碎]
你以后一定会特别特别宠那个你爱的人，毕竟是我教出来的[心碎]
你以后，要好好的，好好的……"
795,你是我女朋友么，为什么说了一样的话，[多多大哭]
796,听到这首歌第一个想到的，一定是你最爱的又得不到的人吧
797,能再一次见到你，真的好开心，可惜，最终还是丢了你[哀伤]
798,"我和你们说个笑话吧 保证会笑
我相信爱情了 💔"
799,可以挽回的兄弟，虽然很难，但是真的不要放弃，更加讲究一下技巧，说不定有所转机。
800,“平安喜乐，万事胜意”这句话我只送过一个人
801,嘴硬到底是什么概念，大概就是你问我怎么想的 其实我眼泪都掉下来了 但我只说一句 算了我们分开吧
802,我太累了
803,分手吧
804,哥们，看到你的评论，心有感触
805,那你们宿舍的天天听啊，
806,"我去年结了婚，很幸福。
感谢上天上我遇到你，谢谢。"
807,后来啊……那个喜欢跟我吵架的男生也会对我的称呼冠了姓.喜欢他吵架吵不过我极耳挠腮的样子.再后来……
808,今天看了后来的我们，感触颇深，特来重温此曲。初听不知曲中意，再听已是曲中人。
809,2019年1月31日下午10:00
810,哈哈，有一套
811,觉得小时候，妈妈给了我一个mp3，是她上学的时候用的，里面就有这首歌，当时觉得很好听，现在也这么觉得
812,烟是苦的，酒也刺叮喉咙
813, 三色校服涌入的校园 你的背影明亮而清澈 你转过头对我笑的时候 阳光余晖挥洒在你额前发尖 你瘦了 头发也长了 一转眼回到几年前校门口的门牌前 我已经等你五分钟了
814,后来，我们再也没有了后来
815,有些渣男和这个女生谈着对她好关心她照顾她，心里却想的是那个她，但有啥办法我总不能让爱我的那个她失望吧
816,好想你   真的 
817,后来你不是你了，我也不是我了！
818,再见吧
819,每次听后来我都种新感觉，有些人错过了真的不在了，今天我室友官宣了，很荣幸我成为最后一个单身，你们知道一个个结婚日期摆在我面前的绝望吗？我。。不说了搬砖[流泪]
820,打开电视就是广告  一穿新鞋就被踩  一喜欢谁 谁就不喜欢我
821,  后来 是以前学不来的慷慨
822,"最开始的爱情 ,可能就萌生在阳光透过窗子那刻,照在你的发丝上
是怦然心动的感觉"
823,不确定想要什么，但我知道 要好好生活，
824,希望你能为爱结婚
825,现在听到每一首歌都会习惯性的点开评论看看大家因为共同的歌产生的不同的回忆。当我们微笑着祝福彼此，和平分开的时候，我知道不论我走到哪里你都会默默的在心里祝福，我也是。当我们过上各自选择的生活后，作为曾经在一起的伴侣，除了祝福和祈祷，大概其他的都由那个拥有实质性名义的人代替我们做了。
826,有些人一旦错过就真的不在了💔💔
827,你要幸福最起码要过的比我幸福
828,[多多大哭]
829,空耳天后刘若英
830,嗯
831,后来我选择沉默了
832,没有后来
833,我从人海里一眼看到了你，后来，又看着你消失在人海里
834,后来我终于学会了如何去爱，是我当时不懂得如何去珍惜一个人，可我还是想告诉你，当初我是真的有很努力的去爱你，可我始终做的不够好，对不起。谢谢你，放弃我离开我，我才学会成长，如何去爱。
835,最怕突然有一天听懂一首歌[流泪]
836,没什么可惜的
837,后来我终于长大了懂事了 学会怎么去表达自己爱了 你却不在我
838,你都如何回忆我
839,我竟然看完了这首歌的精彩评论💔
840,你能娶我吗hhhhh
841,有和我一样听过日语原版的么[憨笑]
842,"“后来我们……”
“后来？”
“……我忘了，
我和他……没有后来”"
843,今晚二刷后来的我们又是哭的稀里哗啦的 第一次看的时候和朋友在电影院看的凌晨档 我们两个小姑娘很默契的怀念着心里的那个人边看电影边哭了一晚上 结束的时候检票小哥哥递给我纸巾说祝我以后快乐
844,会遇见的
845,其实，从分开的那一瞬间就意味着不会再有交集。后会无期，愿各位安好！
846,我也是一个天才怪物，只是还没遇到你
847,厉害👍
848,其实后来，你一转身我还在，而你只是听着后来说后来学会了爱。
849,10W的歌都不敢说出你的名字，你是我从未说出口的秘密
850,喜欢过一个人，一直喜欢了10年，等到我鼓足勇气想要表白时，他却和我的一个好朋友在一起了，我默默的祝福了他们，然后再也没出现在他们面前，后来有个人告诉我他也一直喜欢着我，只是不敢表白，最后，我们终是错过了
851,"人呀，真是奇怪，
总是在应该退让的时候把愤怒脱口而出
在该坦白的时候又隐忍不提，
人世间爱的错失和误解，大概就是这样来的。

——网易云热评《俗人言》"
852,我留在心底七年的心结，今天约他当面解了。互相是初中美好的初恋，我现在也时常想起他，以为我在他心里同样重要，可今天被泼了一盆冷水，哭笑不得。所以人一定要放过自己，到头来只不过一个人的故事罢了。
853,后来，我这个直男还是没有学会如何去爱，所以即便26破了处，还是受不了我这暴脾气[大哭]
854,和声居然是梁静茹！！！！！！！！
855,"不知道有没有人和我一样
一直把那句听成 后来 我总算学会了如何去爱一颗心"
856,左祥云，你在一中还好吗？
857,希望今年能修成正果吧，在一起三年，分开了一年，两人一直单身。再复合，感觉有些陌生了。真的舍不得，也有些累了，希望今年结婚吧
858,我还是很喜欢你
859,WH希望再见你
860,你离我而去 而我却在你后面 等着你
861,"那时候的爱情，为什么就能那样简单。
……
而又是为什么，一定要让深爱的人受伤？
唉"
862,我小时候不喜欢听，现在22了，每天都要听
863,珍惜眼前人，错过就不在
864,她从长发飘飘到短发女孩 从那时起 我们就结束了
865,这莫非是青春之旅里的？
866,后来...后来的我们都变成了最熟悉的陌生人。
867,或许不是一时冲动加了你得QQ，或许不是那一时冲动，找了你，又或许不是一时冲动。问你喜不喜欢我？你可能也是一时冲动，同意了。但是，我却用心了。有些人注定不能在一起，他的出现，只是教会你明白一件事，或者又让你懂得了一个道理，不一定会陪你走下去。青春我们一定能做的事情就是不停的去尝试。
868,我现在知道了。
869,有工作的地方没有家， 有家的地方没有工作！他乡容纳不下灵魂，故乡安放不了肉身。肉体与灵魂之间相互交织便有了乡愁，有了思念！一个叫家的地方找不到生活的精彩，找到了生活的地方却安不了家，从此便有了漂泊，有了远方，有了乡愁，有了无穷无尽的牵挂。
870,我删了你
871,酒好喝吗？不好喝，仅300毫升就让我在思念中上了头，问我为什么要喝，因为醉了以后我会痴痴的以为你还是我的
872,"后来，我总算学会了如何去爱
可惜你早已远去，消失在人海"
873,和声梁静茹？？？
874,爱我你就抱抱我
875,那天晚上你睡后的那条消息你早晨肯定看到了，可是，为什么你要假装没有看到，后来我对你还是一如既往的好，后来我对你的感情只能放在心里，后来我在也不会想着开口说爱你，后来的我学会了放在心底，后来的你学会了装傻……
876,"我发誓
我真的很喜欢你
但是真的也只能到这里了"
877,后来只是听说
878,惭愧的很[汗]基于男的不坏......
879,因为在那一瞬间，或许可以感受到美好吧
880,回忆它不就是回忆嘛。人要现实一点😄
881,用情至深的人往往都会物极必反，有时候就是这样儿，轻易得到的东西就不会珍惜。看开点吧！
882,后来，我总算学会了，如何去爱，可是你早已消失在人海。我还记得你，不是想你。
883,最后一次见你是初中毕业散伙饭 还挺喜欢你穿白裙子的样子的 我错过了你 初中稚嫩脆弱的爱情真的令人无奈 我想你了
884,人生常态
885,你嫁了吗？
886,愿每个明天都幸福
887,今天，在街道的一边似乎看到了你，却赶忙离开那里，怕遇见你了，就舍不得了，好不容意放下，不想再提起，你幸福就可以了
888,有些人已经走了，有些人还在犹豫，有些人，已经被遗留在记忆深处
889,我们寢室是凉凉
890,14年的原创
891,仔细读读呢
892,有个男孩爱着一个女孩，有个女孩爱着一个男孩。奈何，在不懂事的年纪未珍惜，偏要在懂事的年纪重逢相遇。可惜，有些事已无法回到从前，那些错误的事，它会一直存在，无法抹去。他说他会等她一辈子，她很想回头，可再也不能了，她知道她错过了最爱自己的那个他。在无奈中告别了12年青春，后来...
893,ZSZ，今年还能见到你吗
894,小天使（笑
895,三年多了  CHY 你还好吗
896,你生日11月23日吗
897,秀，我可找到你了
898,不纠情在原曲 到了这个年纪 听歌只是去听那个情怀 走进歌唱者的心声里 去感受
899,还有如果
900,我…………很好呀！好的不得了[可爱]……嗯！超……好的[大笑][可爱][哀伤][流感][流泪]
901,一遍一遍听的是歌，一次一次想的是人。四年没见了，HZK，你还好吗
902,"后来。
一个多么无奈的词语。
后来。"
903,加油
904,好的
905,你又哭了？
906,求你了，不要说祝我幸福，希望我一切安好之类的话了。没有你的我，不过是虚度光阴罢了。
907,如果我没有车没有房没有存款，有一个女孩给我表白说喜欢我，要跟我在一起，我会果断拒绝。因为，他不懂事，我不能跟着不懂事。
908,下一次吧，下一次再一腔孤勇
909,失去的最好别再回来了  能回来的注定不完美了也不是你想要的样子了  你也是女孩子吧 那这辈子都不要重蹈覆辙 也不要奢求破镜重圆.
910,何为后来 ？ 打个比方，你抓住了Ta的双手，却不成想，抓住的是千手观音的双手，但是，你深信不疑，说着Who care ? So，后来后来来了。
911,我回来了
912,请叫我小天使
913,我以为，我没有那么想你了
914,表白只怕连朋友都做不成吧  我就是从闺蜜到陌生人[可爱][可爱]
915,有才
916,在公元两千零十九年一月二十八日下午五点二十的那一瞬间，我和她最接近的时候，距离才零点零一公分，五个小时后，我爱上了这一个女生。
917,长大后深情很浅，大家都很赶，可能觉得这个不行，应该立刻看看下个
918,2019.01.31
919,或许，删不掉
920,千千万万
921,是你让我懂得了什么是爱情，让我明白有些人一旦错过就真的错过了，你让我明白了很多道理，但是我什么都明白的时候你也不在了，如果可以重来一次我一定会抓紧你的手，只可惜没有如果，我愿意跟你破镜重圆，重蹈覆辙，只要你回来.
922,还是想继续看下去，虽然看着看着就会想流泪
923,分手都还有和好的可能，但是，我跟他，能见一面就是最大的奢侈
924,我才发现相处半年抵不过一句气头上的话，爱情里真的话假的话彼此都分不清，祝各自安好！欣
925,太难听了
926,心酸了
927,懂
928,等等，先生您的头像……是隔壁那只废久啊
929,看着评论，眼泪还是会忍不住往下流
930,10w+！终于有个评论数量正常的歌了！
931,期末考试结束放假前一天，同学去唱歌，房同学唱了这首歌，我不知道为什么，他好像刚和女朋友分手吧，他，唱的有点难受
932,谢谢
933,叶桐，我今天，好勇敢啊，居然又敢不要命地提起你了，桐，2019，我们分手一年了。如果你肯去问问我的朋友，或是你的朋友，你一定会看到，2018.3.11，那天有个女孩，因为你说分手，黯然神伤，你也一定会看到，她生日当天，却痛苦不已 ……
934,听说，你找了一个跟我三年前很像的女孩…我也依然如三年前招人喜欢，只是多了个很体贴的男人。他把我当孩子一样哄，原来我忘记了，所有的关于你的情节。
935,没有后来了
936,心很痛，还是一个人的冬天，但心不一样了
937,":等我结婚了你一定要来玩啊！
......
:一定"
938,开始很美，过程很累，结局很悲，清醒却很难。
939,"其实我等过你的
也不止一次的提醒你我要走了"
940,翻唱最成功的歌曲之一？
941,后来    我们从爱的至深  到后来的轻描淡写仿佛没爱过   王先森 祝你幸福     我已经在心里给你删除了
942,这个冬天我还是一个人，和去年相比，多了一大块心伤而已
943,中国有14亿人口，网易云音乐有2亿用户，而你偏偏在这首歌的评论里面看到了我，然后你花了15秒钟来读我这一段话，你好 陌生人，。 愿你卡里有钱。车里有油。心里有爱。脚底有风。有空来广东找我喝酒 管醉。
944,嫁人就嫁这样的人
945,两年了，有点想你了，但你猜我会告诉你吗？朋友们说那不是爱。
946,后来...
947,后来没有那么久，过着过着，就成为了过去，谁没有遗憾呢？所以忘掉吧，像个小孩子一样，大哭一场，好好生活
948,高翔，你说过放寒假就在一起，可你还是把我忘了，把我删了，抱歉啦，我不等了
949,很多感情到最后也就是相识一场。
950,列表里藏了一个你，舍不得删，却再也不会聊天，偶尔赞你，你也从不找我
951,"这首歌配合<<无悔的青春>> ---席慕容,长大了以后，你才会知道，在蓦然回首的刹那，没有怨恨的才会了无遗憾，如山冈上那轮静静的满月。"
952,我们老师说海子的诗注定了他得不到幸福，因为总是想着从明天开始
953,"“下辈子  我要先去找你，到时候就算你不愿意我也不会放手了。

"
954,别翻评论了，找不到与自己相同的故事与心情！没有后来，只有未来
955,哈哈哈哈哈哈哈哈哈
956,后来，就只剩自己了。
957,你都如何回忆我 ，带着笑或是沉默
958,你这谐音梗是要扣钱的
959,😹原来跟我一样的女孩好多啊……我也想对他说:桐，以后一定要找一个你爱到骨子里的女生，你们结婚那天，一定告诉我，我想知道，她到底有多美，多好，是我付出自己的生命，自己的整个青春，都比不上的，世界，永别了，我的男孩，以后，你要好好的哦，往后余生，再也不会有我爱你了[心碎][钟情]
960,林芝，我在等你，等你找我。
961,后来终于在眼泪中明白，你也不过如此，只是我太傻，太天真
962,听闻爱情，十有九悲，桐，你去保护别人吧💔，我是女汉子，以后大风大浪我自己来扛
963,要好好的 再美的爱情 不如恰好合适
964,"如果当时只是悸动
年轻不懂事可原谅
可现在呢
明明有机会
却是可望不可及的眼神看着对方
无法回去的过往
只希望后来的我们都有后来
可以没有我们"
965,婉婷 回来吧
966,情深，缘浅
967,他是希望你们看过这条评论后不会那么的悲伤
968,连那句喜欢也没能说出口
969,[多多捂脸][多多捂脸][多多捂脸]
970,"注意保暖，睡觉的时候盖多一点，不要着凉。多喝温水，多做运动，还有，一定要吃饱穿好，不要饿不着哦！还有不要总是熬夜，早点睡觉，尽量12点之前睡觉，要不然会变成熊猫的
这是你当初给我的话"
971,全世界欠我一个你，是世界欠的，不是你
972,哈哈哈哈
973,我今年32岁了，独身，你说过要娶我的，我记着，如果有一天你做不到了，一定要告诉我，别耽误了一个傻姑娘。
974,后来 你不在了 我也不爱了 真好
975,我怎么找不到当初我的评论了，那还是我们在一起时我发的啊，记得那时候我好开心啊。
976,听闻后来  再无我们
977,你永远都不会知道，你在路上随便见到的路人甲，是别人做梦都想见到的人
978,问世间情为何物，直教人生死相许。
979,我错过了她
980,秀儿，是你吗？
981,室友和男友分手，遇上感冒，嗓子沙哑，躺在床上一遍一遍的唱这首歌，唱的一点都不好，但我哭了
982,感同身受
983,"添加好友
修改备注
修改分组
特别关心
聊天置顶
取消置顶
取消关心
删除好友
后来，在这10w+的歌里我都不敢打出你的名字"
984,平行宇宙中，有无数个我和你在一起，足矣
985,抱抱
986,和声是梁静茹？？？
987,感情里，不是所有的故事都能有个圆满的结局，也不是所有的爱恋都能相守一生，更多的是情深缘浅，令人遗憾
988,我哥昨天刚和女友分手，一个十七岁的大男孩一人干了十瓶啤酒，在路边痛哭。
989,一下就哭了哈哈
990,"停，别继续往下划屏幕了，看看下面这行字

“你很棒！明天请继续加油！”

OK，可以划走啦

只是以防万一今天一整天都没有人夸你"
991,有些人一旦错过就不在！
992,婉婷回来吧
993,南京的那个男孩子，我是你女朋友zc的初恋，请你好好对她。
994,"小晓：I miss you 
    见清：我也想你
    小晓:我是说，我错过你了……"
995,开始我什么都没有，后来我还是什么都没有。只是多了对过去的怀念。
996,很生气啊，有人拒绝我前任的表白，知道吗，那是我做梦都期待的事情啊。
997,妳依然是我最熟悉的陌生人
998,这个冬天和雪都如约而至了.你没有.
999,这首歌听了七年了，还是你推荐给我的。今天日推给我才发现原来我一直都没有收藏在我的歌单里。就好像说你虽然不是我的特别关心 可你依然是我特别的人，不是不设置 是我怕一次又一次失望…
1000,每次和朋友k歌必点的一首歌，起哄说是我的成名曲，后来，ktv去的越来越少，这首后来依然是常常听。
1001,这好像是你以前最喜欢听的歌了.
1002,爱到极致时对方一个小小的举动，都会让你产生无数的联想有好的有坏的。亲爱的朋友啊，如果你有幸看到这条评论，当你觉得身边的人很烦，不想坚持下去的时候，多考虑下她的感受，或许只是她太喜欢你了。后来你什么都懂了，可惜再也回不到过去。莫问前程，珍惜眼前人！
1003,后来的我们什么都有了，只是没了我们
1004,感觉每个人的后来 都有故事在里面。
1005,初闻此曲，不问曲中深意。再闻此曲，以是曲中之人
1006,有些东西可能真的回不去了。就像你看她的眼神，就像你对她的耐心，全都是我曾经喜欢的样子。
1007,后来，灯光熄灭，我们退场
1008,起码我是这样吧，以前年轻不懂事错过了一个人，不能再错过现在的她
1009,日推，我还收藏了另一首
1010,他为了我放弃一次美好的婚姻，为了我到现在未嫁，我的内心真的好愧疚，可是我们回不到过去了
1011,你都如何回忆我，带着笑或是很沉默
1012,稳，老铁
1013,后来  你选择了她  说你不能辜负她  所以你就选择辜负我 对吗？
1014,电话费不少吧，还没停机嘛
1015,既然已是曲中人，何必再听曲中曲。 曲中轻忆梦中人，梦醒时分叹红尘。 曲终人散梦已醒，何处再寻梦中人
1016,祝你找一个对你非常好的人
1017,有时带着笑，有时很沉默
1018,"后来你离开了我的城市
后来你喜欢了一个比我更适合你的女孩💔"
1019,我好像……没有那么想你了……
1020,"我以为三年很长，可以不用去想未来
可是现在三年好短，短的连回忆都不够"
1021,初闻不识曲中意，再听已是曲中人    既然已是曲中人，何必再听曲中曲。 曲中轻忆梦中人，梦醒时分叹红尘。 曲终人散梦已醒，何处再寻梦中人
1022,时间可以冲淡一切，包括你。你只是我曾经喜欢过的少年，我只是偶尔淡淡的回忆
1023,不遗憾了，该做的努力做了，该冒的险冒了，现在，我也不再一遍遍打开你的个人资料，偷偷隐身进入你的空间了，以后，收起你的小聪明吧，希望正如你所愿，把小聪明变成真正的智慧，就此别过，互不打扰！
1024,后来我才发现原来这是瘾 得戒[流泪]
1025,然而并不是这样 受过伤谁都不愿意再不顾一切去爱了
1026,我还是很喜欢你
1027,你昨天才离开，而我感觉你像是离开了好久好久，真的好久好久好想你
1028,一个人不孤独 想一个人才
1029,是啊，为什么年少的我们，一定要让深爱的人受伤
1030,我们都是不错的人 可我们不是对的人
1031,扎心了
1032,有些人说不清哪里好，但就是谁都替代不了
1033,后来你还是我的。
1034,评论快20万了
1035,是啊
1036,那时最美好的时光能遇到你，我真幸运啊。
1037,奶茶汉化组[晕]
1038,我在你看不见的地方想着你 你在我看不见的地方陪着他.
1039,真的 爱你
1040,只是错过了 真的只是错过了 如果重新来 我调整好时间 那.......不会错过吧
1041,都好假   后来你不认识我 我不认识你
1042,为什么，分了？
1043,女生最后会选择嫁给一个愿意陪她的人，而男生则会把对前任的亏欠都补再另一个女人身上，人生的出场顺序很重要，陪你伶仃大醉的人注定不能陪你回家
1044,最后  我没有挽留   她也没有  两年了  也没联系没见面  断了所有的联系方式  不是因为绝情  而是因为我怕控制不住自己  一次次去试图挽留   尽管如此  我还是很想你   （也许这就是一旦错过就不在了）
1045,但是她既然愿意和你完成你最后这个意愿就说明她也还在乎你
1046,有些人   错过了   就是一辈子
1047,现在的我们都挺幸福的，我现在的他对我超级好，他现在的她也应该是个了解他，心疼他，懂他，不然的话他也不会在空间秀恩爱，头像，背景都是她。那可是我当初苦苦哀求他都不肯做的[口罩][口罩]
1048,后来，我在那段记忆里慢慢走出来，忘了你的笑，你的好，你的狠心，心也不会变暖了，几年后，找个人结婚，只是因为适合，并不是因为爱，也许，这就是我的后来吧
1049,人间值得
1050,多少人听着这首歌哭
1051,我昨天晚上去吃饭了，他们提起你，我又多吃了几碗，你可知道，你比老干妈还下饭。
1052,哈哈哈哈哈哈
1053,从搜狗换了讯飞
1054,"我只有一点点喜欢你了
我很乖了
我没有闹了
我也没有和别人提起你
我想了一千遍一万遍
我们在一起的样子
还是觉得
我们还是不要在一起了"
1055,"有时候会有一个人找我聊天
就像我知道他喜欢我
但我没办法说服自己去喜欢他
即使他像极了当初卑微的我"
1056,后来就没有后来了
1057,他说不谈恋爱结果第三天就跟我的朋友在一起了💔
1058,就这样喜欢着也好。
1059,后来，我还是在原地等你，等你一个不确定的未来，后来，我不是不喜欢你了，我只是期待你能像以前那样开心快乐，这样我就没有遗憾了
1060,后来你跟前任好起来，我做了很多偏激的事，对不起这一手全部是我造成的，谢女士，愿你安好
1061,小学就耳熟能详的歌，直到大三才真正听懂了。字字戳心，句句落泪
1062,"别翻评论了
你也有故事
只不过没说罢了
听闻爱情
十有九悲[心碎]"
1063,那是我曾经日夜思恋深深爱着的人啊。💔
1064,请问你就是秀儿吗
1065,我对不起啊，当初没有那么倔强，也没有现在这么遗憾
1066,16岁仲夏，你吻我的那个夜晚
1067,王宝玲，好想对你说我爱你
1068,曾经进入过身体的女人，后来连朋友圈都进不去了。
1069,我们在一起四年多 在这期间你爱了很多女人 但我只爱了你一个人  最后你说分开吧 很好在一起太累了 你一句太累了成为最后的话  我的青春都给了你   
1070,后来
1071,第六年[爱心]一如既往的想你
1072,后来，南山的风吹散了谷堆，北海的墓淹没了墓碑，我又有几分像从前。
1073,后来
1074,是啊我也知道，可是我不想有遗憾，那样更难受
1075,她已经结婚了，我从朋友口中得知
1076,嗯嗯加油
1077,没有笑，没有沉默，自你转身，就此别过，待别人为你穿嫁衣时，你是不是心里有一丝的想起我。
1078,后来，我等到了你
1079,我想找到你，襄阳老河口水岸新城的田伟龙，田胖子，在一起十天，分开十个月，但我每天都还是在想你，你出来好不好，巴掌大点喝城市，我却再也看不到你了。。。。。想你想得快发疯了，我没有要求，只想看你一眼就好。。。。
1080,青春的城门，门外是青藤，门内是伤痕
1081,我还喜欢你
1082,还是你比较狠  我怎么这么蠢[心碎]
1083,"“年少时的心事，是孤独隐秘的树种。
缠绕的羞怯，仓皇，试探，期翼，执着和想象，
长成参天大树，枝叶繁茂，遮蔽一地伪装的轻狂。
那头，是他。那头，是她。
后来啊后来，风吹散了青春。
谢谢你，
至少，我曾经遇到你。”
2019.1.29"
1084,没想到 还能听到这首
1085,"我们都太胆小
民国时不敢做军阀[爱心]
乱世里不敢去起义[爱心]
太平盛世不敢说我爱你[爱心]"
1086,后来 她走了 甩下我就走了 但我还爱她
1087,长大了  你会发现   明明很相爱的两个人   是真的无法在一起的
1088,沉默着欢喜[口罩]
1089,我真的好想你[口罩]佳丽。你不会原谅我的，这首歌你以前给我唱过，就成了我们的后来，有些人错过就不在
1090,那个教会我如何爱的人，再也不在了
1091,后来，他和她都走了，留下了不知所措的他在原地。生活还要继续，也爱你，只是没有了后来。
1092,有些人错过就不在
1093,你发这条动态的时候关系还没到现在这样
1094,十字开头的年纪，683天的一厢情愿也不容易啊！那好，祝你们幸福.
1095,从来没有和她说过一句话，不是因为害怕，而是不想给她带来困扰
1096,后来我们还是变成了陌生人    就是和没有认识之前不同的陌生人
1097,能看出爱情如沼泽的人，估计坟头的草早被西北风刮透了
1098,在爱情里成长，未必是件坏事，祝你一切顺利
1099,我看着你的，笑着笑着，就哭了
1100,五年了，我早就把你给弄丢了，可是我还是会情不自禁的默默的关注你，只是没有了任何资格联系了，孑然一身，或许我不配拥有爱情
1101,你永远不知道，每一次车站的偶遇，都是我等了好久了才等到你，后来，好想和你打招呼可是我该以什么样的身份来向你问好呢？
1102,[多多大笑][多多大笑][多多大笑][多多大笑]
1103,一定会的
1104,"找个方法能让我不喜欢你鸭
真的很累
你是我患得患失的梦
我是你可有可无的人"
1105,现在离19年春节还有四天，我坐在公交车上准备见一个心心念念的人，高中到大学，希望这个人是我十八岁所爱之人也是八十岁所伴之人……
1106,后来，我们一定会没有后来，我一定会失去你，希望你会想起我，想起有个女孩对你这么好，我是个很好的女孩，是因为有你，在你面前的我，永远是最好最好最好的我
1107,希望他喜欢你的4年是幸福的，你们的18岁之约还有11个月，等他18岁，我会退出，会放手，但是我会等，希望11个月后的你们可以幸福，希望我喜欢了这么久的男生会幸福，我不后悔遇见。我只后悔没有在他13岁是认识他，如果早点认识，结局会不会变
1108,"喜欢了一个男孩子，体会了连作业本堆在一起都是幸福，连一起值日都可以写进日记本，是真的太喜欢他了，为了他哭了不止一次，为他也花了很多钱，遇见他我想过很多很多未来，他游戏id是""宝贝童童鸭""我知道不是我，但是我不敢问，我怕知道难受但是当我知道""是你宝贝童""这个女孩的存在，我还是很难受"
1109,她说：我们没有后来。
1110,哭辽😭
1111,有一个男孩爱着那个女孩  可是在没有理由去相见~
1112,笑也好 哭也罢，经历了的事情都是人生中的财富。在那个对的时间对的人出现之前，上天也许是更想让你锤炼出一个更好的自己。那人终会来！或早或晚而已！
1113,皮
1114,好像深陷这爱的沼泽，不被解救不能自救
1115,刚刚删了一个2年之久的特别关心，就在昨天，我们一起出去玩，第一次牵手，第一次一起喝奶茶，留下了第一张合影，晚上的时候，我把她名字写了1314遍，准备和她表白，就在刚才，她就有了对象.
1116,可能没有这个可能了
1117,你可以的
1118,没尝过爱情的滋味~哈哈哈~略感失败~~
1119,后来？   你为人妻 我为人夫 你为人母 我为人父      往后余生 各自安好 各自精彩 
1120,明天她要结婚了
1121,昨天他跟我说了分手，原来的我们我闹他哄，如今的他挂我电话删我所有，他说他累了他说他一直在忍他说他不再爱我了，我把他当做我的天然而他却不要我了，可能原来的我太任性了吧，他累了他走了，我却振作不起来了
1122,看歌词 你如何回忆我（回蚁窝）
1123,多希望望出窗外，你还笑意吟吟地看着我，多希望在走廊，你还能和我聊聊天，可是我们毕业了啊，我再也没有什么理由留住你了
1124,后来，就没有后来了
1125,愿后来陪在你身边的人是你真心爱 也是真心爱你的 
1126,我真的好想你啊  媛
1127,你知不知道，我多想有一个想你的权利，多想有一个奋不顾身去找你的身份，在我高三的时光里，最幸福的事就是幻想着高考结束去你当兵的地方看你，突然出现在你面前，冲过去紧紧的抱住你，埋在你胸口，用好久没撒过娇的声音说我想你了，然后你身边的战友都投来羡慕的眼光，可是，yyf，这一切都是我想想
1128,仅一念之间.便判若两人.
1129,别丧啊，宝贝，未来可期，人间值得
1130,有一个男孩，爱着那个女孩
1131,后来，我变得更好了，你为什么不在了，你真的舍得把你用青春变好的女孩送给别人吗？
1132,那个男孩是我整个青春最美好的时光，以后你一定要幸福啊，那个陪在他身边的女孩你一定要珍惜呀，他是我用青春和眼泪换来的最好的男孩，我很羡慕你呀！
1133,我也错过了那个最好的男孩
1134,那个男孩，是我整个青春最美好的时光，后来，你一定要幸福啊！陪在他身边的女孩，我真羡慕你啊！
1135,单相思了四年还没结果...唉想放弃了呀
1136,我曾经当过搓澡工，有一次给客人搓澡，他当场死掉了，我吓哭了。后来，终于在眼泪中明白，有些人一旦搓过就不在。
1137,你是魔鬼
1138,初闻不知曲中意，再闻已是曲中人，既然已是曲中人，何必再悟曲中意，曲终人散，一曲肝肠断！
1139,醉了，那到底啥意思嘛，说得好像你经历了很多，我一直很幸福一样……然而事实并不是……
1140,一次次的被你拒绝，原本并不想放弃，可是后来知道了你已经有女朋友了，那我就不打扰了，也许你已经忘了去年《后来的我们》上映刚好是我们分分合合在一起一周年，那次之后我们好像再也没见过面了，现在我们也已经分手200多天了，你不用回头了好好和她在一起吧，我想要的我会自己给自己
1141,陈聪不知道你会不会看到这个评论。我后悔了。我恨自己弄丢了你！
1142,郑姑娘，你好像不太喜欢我，那我在你的世界里告退了，往后余生，希望你能得到你的真爱，幸福一生！
1143,"后来
我们再也没能相见
祝你一切安好"
1144,我电台抖音万人合唱版。
1145,你不要再偷偷地看我动态了，我们已经不可能了
1146,她会听这首歌吗？她们了？他了？他们了？
1147,凌晨0点后评论的小朋友们，以后不要那么晚听歌了啊，年轻人不要熬夜，对身心都不好呀
1148,这才是个有故事的人，他和他～
1149,可惜海子的幸福是从明天开始，可明天的幸福注定不能得到幸福
1150,我六年级时遇见了你我什么也不做只是看着你笑那时阳光照进来正好在你的背后我喜欢上你到了毕业☻
1151,酷狗没有原版了😂
1152,最近一周你都在听这首歌，我们分手195天了，对不起我还是很喜欢你，但是祝你幸福
1153,放不下的就留在心里吧，哪个人心里还没有一个爱而不得的人。[多多大哭]
1154,这是我第一次唱哭的歌，不是错过了哪个男孩，是亲人😔
1155,有些事永远都不能再重来啊
1156,刘颖我爱你八年，早已经熬过了， 三年之痛，七年之痒，八年只是我单相思的爱了你八年，终于2019年你告诉我，你要考虑一下我了，我特别知足，我爱你❤
1157,我是不是不该相信爱情
1158,我还要去做一个像海子一样人     喂马   劈柴  周游世界 呢     我还要快乐过一生呢
1159,你是我无能为力的遗憾   希望你奔向的是比我更好的人    希望他能有我那么喜欢你    不过我更希望你只是不喜欢异地恋    你只是觉得孤独所以才交了男朋友    更希望你也真心喜欢我    不过    说真的  我好羡慕他    也许    在爱情里面   我们都是自私的    也许错过了就是错过了   望自己早日释怀
1160,我还是很想那个因为我无意中的一句想去音乐节就攒钱带我去的男孩，还是很想那个把我介绍给全家人认识的男孩，还是很想那个因为我一句话就手足无措的男孩。我好像  错过了全世界对我最好的男孩子。还是会想打扰你还是偷偷关注你的近况还是会不服气你现任很像我不是我。什么都给不了你那就祝你平安喜乐吧
1161,原来是这么难受
1162,1月29日   我去见你了    请你吃了一顿火锅    聊了很多    回去的车上   我问你大学一年半没谈恋爱？     你说最近交了新男朋友     听完那一瞬间竟觉得如释重负    一转头心如刀绞    这也许就是真心喜欢吧     你们说爱情为什么这么讽刺？
1163,突然听懂一首歌的感觉，很难受，眼泪突然就出来了，没来由的难受，这么多年才突然听懂这首歌，谭林辰，我想你了😭
1164,＋1青春
1165,罗福成，后来我们都没有后来了。遗憾没有好好道别
1166,人这一辈子最怕突然把某首歌听懂，听不懂的是幸.
1167,对不起，像我这么患得患失的人，好像就注定了孤独。说过话都收不回，错过的人也回不来，所有失去的也都成为过去。这一次，偌大人海，我再也寻不到一个他……以后，酒依旧会沾，但是感情是坚决不会碰了，失望多了也就绝望了。漆黑夜色，Cheers! Wish me lonely
1168,火了烂了大街的歌就等一等再听，你看现在大街上不是没有了吗，但这首歌还在这里，你也还在听。 我发这条信息  只是想告诉Ta 衣不如新人不如故。
1169,你不用网易云   💔💔呵呵  我等你阿
1170,那可是我用多少眼泪都没能换来的男孩子啊
1171,"分开时改了网名叫   一年丶    现在已经改到  九年丶了   要十周年了  
"
1172,喂，我长大了，你在哪里呢？我真的好想你
1173,看着《后来的我们》 听着《后来》    我竟然哭啦
1174,黄小姐我等你啊
1175,慢慢加油，一起努力
1176,愣着干嘛！都给老子哭！
1177,有一个男孩，爱着那个女孩
1178,18年9月14日，让我在情窦初开的时候遇见你，19年1月26日，谢谢你不要我了，希望你这选择是对的
1179,我知道我没有那么重要 你永远都是爱你自己
1180,其实我每次出门都会周围看，万一能看到你了呢
1181,我想哭了
1182,晚自习下课后，他和她一起回寝室，走在安全通道，女孩有些结巴地说:你……你是不是我男朋友啊？男孩宠溺一笑:是啊！女孩:我给你说个秘密，不许告诉别人！然后踮起脚尖靠近男孩耳边，却忍不住大笑，最后非常认真地说:我……我喜欢你。最后他给她一个拥抱。但后来，他和她连分手都没有当面说清楚😂
1183,希望那些太懂事的女生被善待被珍惜，希望她们在爱的人面前不必太懂事，希望她们被宠成“不懂事”的小孩子。
1184,完
1185,为什么突然日推这首歌
1186,一个深夜，一首入心的歌，一个沉默的人。
1187,这个头像就像对我的嘲讽，已经回不去了啊…
1188,刚刚打开小恩爱想看看我和她的过去，没想到给她解除关系了
1189,假如能早出生几年，假如能和你一个城市，那该多好
1190,我终于懂得爱情了
1191,我们分手后， 这首歌单曲循环了256遍。
1192,后来的我们，宁愿当初没有遇见过，没有相爱也没有撕心裂肺的放开彼此过，呵呵！
1193,就这样吧，再说什么都是徒劳了，你说你累了，我哄你，你还是说你累了，不知劝了多久，我的心凉了
1194,不应该分手了才放嘛
1195,后来，有些遗憾，但不后悔，可以自己难过，不能让现在的家人受伤。
1196,你是无意穿堂风，偏偏孤倨引山洪
1197,"黄小姐.农历拾贰月拾壹
分开两年了.我也遇不到你这般灵魂.
抱歉."
1198,以前每天一起上下学，现在分手半年了。他很渣又总是死性不改，所以我拒绝了和好，我的理智告述我 这只会把我拉入深渊，他 也配不上我。但我这几天总是梦见他，叫朋友截图他的动态，问他谈没谈恋爱，揣测他每一条说说的深意。但是就算再问一次，我还是不会和好。不要陪一个男孩长大，等不起的
1199,好噢 拉勾
1200,咦  和声：梁静茹！
1201,你这又不是原创[汗]
1202,明天不晚睡了[大笑]
1203,我不是说喜欢深夜 我不应该出现在白天 我带给大家都就只是负能量和不开心 对不起 是我不配
1204,有些人一旦错过就不在❕
1205,舔狗真的最后一无所有
1206,秀儿是你吗哈哈哈
1207,当我发现好友被你删时，呆住了一会儿，朋友问我怎么了，我说“没事”，胃不好的我，没想到也能喝这么多，姑娘，你比花生米还下酒啊，你知道吗？
1208,可惜我们没有后来💔
1209,后来啊，后来与你无关哈哈哈哈哈哈哈
1210,每一个我认识我想认真对待的人儿啊，刚开始她们都不是莺莺燕燕，都是含苞待放的花，可惜，后来她们，都，成了我的故事，茶余饭后的故事，喝醉酒后的故事，看完电影后的故事，唱完后来后的故事，
1211,后来，我也有努力过，可是结果呢?
1212,评论里都是男友女友要离开 只有我一个是要离开他的人吗 虽然我知道他很爱我 可是我们三观都不一样……后来会痛苦吧……这个恶人索性由我来做 我现在离开 并不代表我没有爱过你。
1213,高二开始喜欢一个女孩。有一次点餐，他和她闺蜜排在我前面，她闺蜜递给他一颗蓝色的糖果，她说太酸了，不喜欢“不喜欢，我喜欢”这是我对她说的第一句话。从此那颗糖果就一直放在我的包里……
1214,且行且珍惜，喜欢是一瞬间的事情，错过即永远.不过数十载，到头来才发现，当初天崩地裂的事情，也不过是和风一瞬，甚至反而要感谢当初的结果.在这条路上，永远都是我们独自一人，不断地遇见不断地告别，无论如何，都要感谢，ta曾经来过.
1215,哥哥，我不是网恋，我是真的爱您，您真不知道我是谁吗😭
1216,或许他不是不爱你，只是选择逃避
1217,在一起10年，我们的爱情还是输给了现实。余生你要幸福。
1218,第一次写评论，喜欢这首歌很多年啦，现场版，所以能播放的这首歌的设置，都听啦，可是每次一听就感觉自己好难受，去爱一个人很容易，可爱一个人很不容易，我爱你FF，自始至终从来没有改变，7年也许意味很长，可是对你的爱没有变，还是那当初的感觉，不知道你感受到不，可是我真的就想爱你一辈子
1219,那个谁，别让我找到你，找到你我就祝福你，你是多么幸运啊！遇到了我想用一生照顾的女孩！
1220,最后我自己跟她说了一句，再也不要见了
1221,"我真的想和你有后来!
希望我是真的找回你了!"
1222,我经常会想，如果我以现在的心智去面对你或许结局会不一样，是我的任性终把你弄丢了，2009.4.9，我们在一起的日子，如今已经快要十年了。会不会有一天，我们突然相遇，然后热泪盈眶。
1223,现在以后我不会放开你的手 你也一样好吗
1224,那些在彼此身上学到的，失去的，成长的，都变成了印记，让我们在爱情里成长，变成更好的人，然后更好的去爱去珍惜别人 🙂🙂
1225,"小时候觉得朗朗上口的旋律，
时间久了，简单直白不如晦涩难懂的勾人。
直到某天听到，不经意间眼泪糊了一脸。
恍然明白，年幼时代真的结束了。"
1226,比起那些远大的梦想，我更想记住这些热泪盈眶的时刻。
1227,我也不知道为什么，听着听着就哭了
1228,我会永远回忆你，带着笑或是很沉默
1229,过去的再也回不来了。
1230,签到
1231,我希望你幸福 又希望你不幸福 想你想的头要炸了耗子 后来的我们为什么走到了这一步…
1232,"以前，我曾经在北方做过搓澡工。有一天我接到一个客人，在我帮他搓完澡后，他就猝死了。当时我都被吓哭了，

后来，终于在眼泪中明白，有些人一但搓过就不在。"
1233, 你叫他渣男，你不知道他认真的时候输的有多惨！
1234,祝福你们啊，千万别放开彼此的手。
1235,你永远都不会知道，你随便遇见的路人，是别人做梦都想见而见不到的人
1236,有些人一旦错过就不再
1237,后来我总算学会了如何去爱
1238,这些年来，有没有人能让你不寂寞
1239,当年听这首歌的人 都会伤心欲绝 因为这首歌为很多人量身打造
1240,相爱是一件非常需要勇气的事
1241,风雪夜归人
1242,你永远都不会知道，你在路上随便见到的路人甲，是别人做梦都想见到的人L
1243,"听闻你我
没有结果💔"
1244,后来，只是更加后面，你也不会在来了，谢谢你，再见
1245,王小姐，咱俩曾经也有个让人羡慕的爱情，无奈现实和你的私心让这个爱情破碎了，这几个月我想了很多我也有很多对不起你的地方，你的离开也在我的意料之中 现在你回来了但是我不想和你再继续纠缠下去了因为我知道你一定会再一次离开我  就让时间冲淡这一切吧        致敬  我亲爱的王小姐
1246,大家都很忙。
1247,"喜欢上什么样的人最惨呢
大概就是那种只会享受追求却永远不给一个明确答复的人
其实从一开始他的未来里就没打算有你
可是却若即若离地吊着你
给你点希望再让你失望
最后失望累积成绝望
你终于狠下心来要放弃
他却又活蹦乱跳地扑上来
你以为这回终于要修成正果了
他却微笑着跳着跑开了"
1248,三观不合终究只能是喜欢，在不了一起，所以没有后来
1249,暧昧上头那几秒像极了爱情
1250,"当我在深夜里辗转反侧
反复的听着这首歌
抑制不住的流眼泪
我就知道
我 终究是失去你了

我终究是失去了爱我的人[心碎]"
1251,"添加好友
修改备注
修改分组
特别关心
聊天置顶
取消置顶
取消关心
删除好友
后来，在这10w+的歌里我不敢打出你的名字，有些东西输入法会记得，我也忘不掉那些历历在目的日子。"
1252,我想你了，曹有娟，我想你的笑，想你的小脾气了。
1253,歌单里这么多回忆的歌，呵，搞得跟我们开始过似的
1254,如果我说这个曲不是原唱你们信吗？
1255,分开第322天，晚安。
1256,每个人大概都会经历一些 情绪崩溃或者极端的时刻 ​​​在我们最需要有一个人去依靠的时候 往往到最后都是自己一个人挺过去的 好像每次都是这样 没有例外 ​​​有些事现在看来也不过如此 但在当时​​ 真的就是一个人 一秒一秒熬过来的 ​​​
1257,你不必对我有亏欠以后谁在你身边就对谁好一点.
1258,覆水难收 无路可走.
1259,我总算学会了如何去爱！
1260,我们在一起时，你有一条签名“带着笑或是很沉默”，我知道你说的是我。
1261,有些人一旦错过就不再
1262,"看过后来的我们，想着我能学一下我们以后可能的见面
但是想了一下，我没有像小晓教见清那样教过你爱"
1263,"整整十年前，也是秋天的某个放学的下午，教室里也响着这首《后来》。十年了，《后来》还在耳边，你却不在身边。
🙁"
1264,后来的我们只是交叉过了而已
1265,原谅我笑出了声[多多大笑][多多笑哭][多多捂脸]
1266,程雯婧回来吧 
1267,赵丽雯!你给我回来啊!!!
1268,不要再喜欢一个你喜欢却不能在一起的人了
1269,回想这些年来，到底错过了多少人，也许无论怎么选择都是错的吧
1270,曾梦想仗剑走天涯 后来…
1271,加油，我也是从初二到现在，可以没见他几面，高三了加油，以后会有更好的
1272,他不会有愧疚，之后遇到的人足够好的话，他甚至不会回忆起你。
1273,现在，很想你
1274,".laiqingmei.π_πmy,first#"
1275,"嘿，
今天，
我取消了，
唯一的特别关注。😊"
1276,"在下李知洋，在此郑重请求郑婷婷通过好友验证
我们分手一年半了，怎么还是满心都是你
你究竟是有怎样的魔力，明明就是个普通的女孩
怎么我就走不出来，我也知道回不去了
但是我真的希望我们可以好好谈一谈
好了，没了"
1277,"初闻不知曲中意，再听已是曲中人
陈先生，2019年1月30日，我爱你就到这里了，愿你以后好好的"
1278,终于我们还是错过了
1279,这样做了，也勇敢过，可惜我永远暖不了你的心，成不了你身边的那个人。
1280,我靠，她连一根头发都没留给我[惊恐]
1281,"2019我还喜欢你
"
1282,抱抱你
1283,"我们或许有未来
即使我没信心
谁让我们在没能力的时候在了一起"
1284,加油，羡慕，一定要好好的
1285,放不下 也要死撑着
1286,我以为我会是李太太，可是我们没有了后来！
1287,吴婧
1288,这首歌听了十五年了吧 小时候自己乱哼唱几句，可是现在听起来感觉不一样了
1289,如果十二年前我能勇敢一点，也许就没那么多遗憾
1290,"故事还在，可故事的主人公走了
后来，我们没有后来了，对吗"
1291,后来的我们什么都有了 就是没有了我们💔
1292,"感觉赞的越多我的内心越煎熬
嗯没事的
我现在很好 他很爱我 今年应该会结婚了吧  就不请你了  毕竟那么久没联系了 找不到叫你来参加婚礼的借口"
1293,有些人错过了真的可能下辈子都不一定遇得见，马先生，我们真的错过了……我们没有后来了……你好好对她，幸福……
1294,听歌我没哭，看着评论却哭了，看着大家的故事，也许人都会有遗憾吧
1295,和声：梁静茹
1296,你都如何回忆我 带着笑或是很沉默
1297,后来 我听懂了这首歌
1298,"喝了点酒就喜欢矫情
必须听一首后来
晕乎乎
晚安~路人"
1299,后来，我走了
1300,2018.10.16遇见你
1301,"古代药房门口会挂着：
但愿世上无疾苦，宁可架上药生尘。

现在药房门口贴着：
会员积分，买十赠五，消费满58送20个鸡蛋。"
1302,好巧哦，我也不敢
1303,张宇辰，我想你啊！作为高三的你今年要去考飞行员啦！如果你考上了怎么办，作为高二的我要在学校怎么办啊！你总是说要复读一年跟我一起考大学，但我还是想让你好好学习，考上飞行学院不用再浪费你这一年时光。唉，你现在还在学校补课呢，现在这时间应该下晚自习了，走在回寝室的路上了，晚安好梦啊！
1304,喜欢就去追啊  你在这感慨个屁啊  你还是不是个男的   你只要想要去得到就没有得不到的  到了以后你一个人看着都是俩人你他妈不后悔啊   想着男人一样
1305,"后来我知道你把我烟拿掉的时候真的只是为了烟味不好闻  不让我喝酒的时候真的是为了我明天不影响上班 后来我知道了你跟我经常拌嘴真的是看我不顺眼
后来我知道了 你生气是什么样子
后来我终于知道了  自作多情是多么的难受 后来 我终于知道了  你说我们是好朋友是真的好朋友"
1306,和声梁静茹？
1307,在你离开我后的130天里 几乎每天都在麻木自己说我真的放下真的放下了 可是啊 我清楚明白的知道的 我放不下。
1308,2019.1.30
1309,七年了，还是总会想起来，感情这东西，沾上了，就难脱身了
1310,路走的多了，人见得多了。你也会慢慢明白，错过了就只是错过了！
1311,会不会以前和以后喜欢你的人，都比我运气要好一点。前者见过你赤诚，知道你毫无保留的爱一个人是什么样子，后者在对的时间出现，不必深究的和你走完这一生。而我大部分时间都在劝自己，作为一个过路人是要学会适可而止的
1312,"后来我明白了你是我永远也得不到的
后来我知道了自作多情是多么的可笑
后来我知道做朋友我可以看着你开心就好
后来我知道了我拿着糖葫芦看到你他接你的时候是什么感觉
后来我终于明白爱一个人没必要非要在一起
后来我知道了 我是真的不配"
1313,"你听过
后来你会唱了
等你会唱了
就在不想听了"
1314,"可谁愿承受岁月无情的变迁
初见時  你热爱我的所有
有耐心  没脾气  很温柔
一年后   两年后  多年后
你还这样爱我？"
1315,如果我是他  我不和你结婚  而且会告诉你 我不爱你  因为给不了你我想要给你的  会很难受
1316,有了第一次的后来 不想有第二次的后来
1317,后来……💔
1318,后来我还是未能护你周全
1319,那个你在评论里都不肯说出名字的人  一定  很爱吧
1320,"后来我们会不会在一起呢
2019.1.30
李楠"
1321,我们在一起才47天，但你那爱笑的眼睛已经牢牢刻在我的心里，在我每次闭上眼睛都会看到。我多想能一直闭着眼，去凝视那个已经不属于我的你。我多想在校园中走着走着，你忽然能在背后突然抱着我，说：“我想你了，回来吧！，政！”评论可能会沉，爱永远不会。菀，我等着你。
1322,有一个女孩爱着那个女孩。
1323,后来。
1324,优秀
1325,我只是不相信  我这一生  已经见了你最后一面。
1326,我们终究没能熬过三年之痛
1327,可惜当时胆小啊，可惜当时没想那么多啊，总以为你不重要的昂
1328,"我以为你是爱我的
我以为你会来找我的
后来我才明白
这些都只是我的自以为是"
1329,没事的
1330,过于真实
1331,后来我相信了他真的不爱我了，只是我不愿意承认，承认我爱错了人
1332,希望我后来也能拥有自己想拥有的
1333,你都如何回忆我 带着笑或是很沉默
1334,讲一段我的故事！在一起十个月虽然不久 但是难忘 十个月分分合合无数次 就在前几天的最后一次分手 他第一次拉黑我 或许他真的死心了 他知道后来这首歌是我最喜欢的 每次在KTV有人唱他都会想起我 哪怕我们不能在一起 希望以后听到这首歌 他依旧能想起我！祝你幸福！最后一点尊严告诉我 劳资这次就要死撑
1335,只希望你在以后的日子里听到这首歌不会有波澜不会想起我
1336,回来吧，婉婷
1337,后来 我们会在理想的高中不期而遇 希望九月的你能变白一些[可爱][可爱]
1338,"宝玉茫然问道：“借问此是何处？”
那人道：“此阴司泉路。你寿未终，何故至此？”
宝玉道：“适闻有一故人已死，遂寻访至此，不觉迷途。”
那人道：“故人是谁？”
宝玉道：“姑苏林黛玉。"
1339,我的..
1340,再见了
1341,你这叫还没开始就结束蛮[大哭]
1342,后来可能我自己都不会原谅我自己 因为年少的我受伤了 感觉真的结了根 好不了了一直懊悔 为什么伤人的狠心的决绝的不是我
1343,后来  我也就不会想起你  我长大了  我很好啊
1344,"他们都告诉我第一年失去女朋友
第二年失去朋友  可是我还是来让自己变优秀"
1345,不都是怕表白了连朋友都做不成了
1346,粉红女郎那个年代来的人明白了后来的意义
1347,这才是我想要的爱情啊
1348,说是两清  到谁又能放下的真爱啊
1349,一开始你说你最喜欢的歌是《后来》 然后我就一遍一遍的听 终于学会了 本来打算当面唱给你听的 但是还没来得及唱 就分手了 希望后来的我们会更好！
1350,[多多难过]
1351,只是你不懂而已
1352,她帮我写的作业我一直都留着，保存到现在
1353,谢谢你，充实了我的青春
1354,三年之后我看到她，没什么变化除了头发剪短了一点。我问她，你为什么剪头发啊？她说我只剪短了一点好吧。是啊，只是短了一点而已。哈哈哈
1355,我想故乡的梅花和你很久了
1356,"我喜欢你
过了这么久
我承认了
可是你早已不在
我知道是我错了
没想做什么
你现在应该挺幸福的
我只是想告诉你
我那时候是
真的真的很喜欢你啊"
1357,你知道世界上最近的距离是什么吗
1358,后来，再也没有人像你一样宠我了[心碎]
1359,喜欢她三年了，她不为所动，我们是好朋友，我不伤心，去年她告诉我她有男朋友了，还让我见了见她男友，我祝福她，昨天她让我请接她，喝酒唱歌，她醉了我才知道他提出了分手看她哭的撕心裂肺，我的心突然疼起来。我没有阻止她继续喝酒，我知道只有她醉的不省人事，我才有机会得到她。很后悔我这个人渣
1360,喜欢她三年了，她不为所动，我们是好朋友，我不伤心，去年她告诉我她有男朋友了，还让我见了见她男友，我祝福她，昨天她让我请接她，喝酒唱歌，她醉了我才知道他提出了分手，看她哭的撕心裂肺，我的心突然疼起来。我没有阻止她继续喝酒，我知道只有她醉的不省人事，我才有机会得到她。这是我最后悔的事
1361,"他说
人生总要有些遗憾嘛💔"
1362,以前没听明白 这一夜我交了我所有的补课费 对不起 我错了 我失去你了
1363,你都如何回忆我，可我都不知道你会不会回忆我
1364,你的青春里有没有属于自己的一首歌，最能映照自己那可贵青春的。。。。。。
1365,"记得送她去地铁站的那天，我一路都没有说话，到了地铁站的安检大厅，我出了玻璃门，抽了根烟，进去给她了一个拥抱，她走了。
记着她站在电梯上，回了两次头，慢慢的消失在我的视野中，我知道我已经忘不了她了，有她的生活已经变成了习惯。
我爱你……Ztt"
1366,一年前分手他喝多哭着说他还喜欢我  我问为啥出轨   2019.10.26我工作不顺利他给我打电话的第一句是最近还好吗 第二句她天天和我发脾气我过得不好
1367,愿生活善待你陌路人
1368,最可怕的莫过于时间，它会改变你希望永恒的东西，没有后来，只有后悔。。。
1369,你是我用整个青春去爱的人，你不是答应来娶我的？ 为什么只是玩笑话而已……
1370,576天的感情今天终于结束了[心碎].
1371,怂到连那句喜欢都不敢说出口
1372,李傻狗 我们应该不会错过吧 好好的哟♡
1373,原谅我你是我醉后才敢说出来的秘密……
1374,"我想我们之间的距离大概是我可以去看你推介的美剧英文歌曲或者你所认为的趣事我会愿意去了解去看 
而你不愿意融入我烟火气般的生活和你分享有趣的抖音视频你会觉得不高雅 和你分享国产电影泡沫剧你会觉得无趣吧
我不愿意牵牵扯扯暧昧不休我专情且绝情
而你放不下眼前又无法重新开始你多情且长情吧
虽然"
1375,2017.11.3-2019.1.29  再见
1376,分手三年 她现在过的很好有人照顾有人心疼 而我还在原地等她[心碎]
1377,成年后 就怕听得懂歌曲的意境
1378,后来  我也就不会想起你  我长大了  我很好啊
1379,谭乐霖
1380,后来，我想拥有你，却没有了权利，有些人一旦错过就不在。
1381,算了吧 习惯了听这首歌  也习惯了想起你   努力了那么久 改变不了了
1382,初闻不知曲中意，再听已是曲中人[多多捂脸]
1383,喜欢看评论，一个评论就是一个故事
1384,你走了 我没挽留。不是因为我不爱了，是你不需要了
1385,不管怎样  后来 这首歌都是我最喜欢的
1386,后来也只是后来了
1387,你问我恋爱图什么  我回答不出来
1388,渐渐泪下
1389,一切都是过去了
1390,等人是会上瘾的。因为等着等着，你会发现，如果你不等了，不是放弃了对方，而是背叛了自己。
1391,就是所有的人在优秀，也不如贪吃，有点小脾气的她
1392,经典之所以为经典，总是因为述说了大多数人的经历，共鸣了太多的心灵，谁不曾年少轻狂，坐拥美好不知珍贵为何，懵懵懂懂不自知，浑浑蛋蛋不自觉，直到被自己亲手打翻，方才幡然悔悟，但错过了，也就只能错过了
1393,这一辈子。都遇不到你
1394,谁告诉我
1395,看完，我们就没有了后来
1396,梦想，生活，诗和远方一切都很贵。曾想仗剑走天涯 后来上班忙 没去
1397,还好长得丑没经历过各位的爱恨情仇
1398,从前，你送我一直自动铅笔，我一直小心呵护着。后来，毕业时候，我把它留在了抽屉里，留给有缘人。从前的青涩，后来再也找不到了
1399,后来和你在一起的女孩一定很幸福吧，毕竟你是我用整个青春拥抱的人
1400,后来才发现喜欢一个人真的可以义无反顾，可以再也没有机会了
1401,把“后来，你早已远去，消失在人海”听“后来，你到医院去，消失在人海”
1402,一直暗恋一直独自独白
1403,朋友懂了就好
1404,嗯好，我试着比昨天少抽一根……
1405,今天算是失恋了吧，其实也还没有开始，但好像原本属于自己的忽然没了，我带着真诚的心向你走来，可能真的是自己的问题吧🎬
1406,看不懂
1407,果然，经历过一次撕心裂肺的感情之后什么都懂了[可爱]
1408,后来才发现 原来他是爱她的
1409,某某人我很想念你，我己无法控制自己的心，因为你就是我的心呀！
1410,那年地震，她17，我17，今年我27 ，她17，懂吗[心碎]
1411,你很秀，我要给你让个座位[大哭]
1412,后来，他说心动过始终没有勇气，很多次想说却止于心头。我想或许是我不够勇敢…
1413,"刚刚翻开收藏夹
发现全是你的照片
有你给我的备注
有你帮我做的题目
可是我知道
你不再是我的了
嘻嘻嘻嘻嘻嘻嘻
希望后来
你能好好的"
1414,你知道嘛 现在你身边这个成熟稳重 对你疼爱有加的男人 是我用全部的青春和眼泪教会的呀 你们要好好的哈♡
1415,再见了，我的小梦倩。
1416,去年在ktv你还不会唱这首歌直接切掉了，以后后多年都祝你唱这首歌窒息的痛，哭着笑，笑着哭，出不来。
1417,后来你再也不是我的了💔
1418,我不想骗你但我也不想说实话
1419,我也这样过，现在我不会这样了，当时挺开心，后来想想真可悲。
1420,还记得前些年看了《后来我们都哭了》，那时候真的一听这首歌就哭
1421,少抽啊，兄弟！哈哈！！！！
1422,好想他
1423,有些话憋着不敢说，鼓足勇气时你以不在了
1424,我学会了如何去爱，可惜你已经消失在人海[哀伤]
1425,"先追求的是你
甜言蜜语满嘴的是你
说永远在一起的是你
先变心的也是你
冷漠绝情的是你
分手以后说从来没有爱过我的是你
分手后火速找新欢的是你
到底哪个是真正的你"
1426,听到这里越来越想尝试抽烟
1427,到后来也是不重要了  但是终于证实了
1428,当我写评论的时候我才发现我真的没故事
1429,我要用尽我的万种风情，让他在未来不和我在一起的任何时候，内心都无法安宁。
1430,"因为徐晨辰知道了这首歌。
徐晨辰真的是个温柔的女孩子啊……"
1431,后来，才知道自己原来是喜欢你的，只是自己一直任性，任性到你再也不属于我了，失去后才懂得珍惜，可是一切来不及了
1432,终于明白如何去爱 可惜之前的幼稚和任性早已经失去你 旺仔喝完了 真的能忘了你吗 
1433,是我站在秋天玉米堆上扒着窗台听的歌 和刀郎的情歌混在一张盗版碟里 爸爸听刀郎 我听刘若英
1434,千万遇见 不如一个后来。
1435,"听闻爱情 十人九悲
何不两清 做回甲乙丙
听闻青春 十言九妄
何不放下 随风东南西北
听闻青春 十有九错
何不疏狂 喜时饮酒逐月
听闻成长 十言九鼎
何不一人 陪尔浪迹天涯
听闻回忆 十忆九伤
何不忘掉曾经 珍惜现在
听闻红尘 十有九故
何不淡泊 坐看云起云落
听闻你我 没有结果
听闻爱情 全是遗憾"
1436,全是安徒生
1437,回来吧，我还在那里啊
1438,"想到几年前一个很难过的瞬间：

我和喜欢的男生聊天，他说不聊了我先吃饭了。
我一怔，因为自己正一边打字，一边趁他回复的间隙胡乱吃口饭。

那时候才觉得自己方寸大乱。

他不过是在有条不紊的生活出现空档的时候，和我打发打发无聊罢了。

而我用全部的时间去爱他，抽空才生活。

转自网络_"
1439,他很喜欢一个女孩 为了那个女孩抽烟喝酒对那个女孩很好 他谈过恋爱但是总忘记不了那个女孩 我喜欢他 我在想那个女孩一定很优秀很漂亮值得他那么喜欢 我不能说喜欢只能说晚安 现在他很努力地在学画画 他现在很忙 很多女孩都喜欢他 他……[哀伤]
1440,我和你有太多的回忆了  回一趟老家只有自己心里知道在想些什么
1441,后来  陪在他身边的那姑娘  请你一定要好好对他  一定不要去问起他的前任他的过去  一定一直幸福下去  我一定做个好的前任
1442,我等你
1443,"KTV必点。最最最喜欢那一句
你都如何回忆我，带着笑或是很沉默
我又希望你如何回忆我呢"
1444,我知道你该这么做  但还是有那么点难过
1445,后来 我发现我连应该用什么身份跟你说话都不知道了
1446,这。故事也太。。悲伤了。。 真心话大冒险嘛。错过了这样的人。也挺好的。
1447,我看懂了😂小蚂蚁说你是如何回蚁窝，他那个朋友以为说的是，你是如何回忆我，然后就接了下一句歌词
1448,2019.01.30  16:30
1449,每次听，每次哭。以前不懂，只是觉得好听，现在懂了，怎么听都是唱自己。人年少时，为什么一定要让深爱的人受伤？后来，有些人一旦错过就不在。谢谢后来让我成长。
1450,还有一个薛金星
1451,再见
1452,后来你还是走了
1453,但是充饥
1454,初识不知曲中意  再闻已是曲中人
1455,后来啊，你成为了她的盖世英雄，我成为了你的旧爱，你不知道，你早已是我的依赖，你好好对她吧，希望你们可以好好的，没有潜台词，真心希望你能快乐，就留我孤独终生.💔
1456,当兵前的那晚，我跟她提出分手，让她找个更好的，她死活不肯，我跟她讲要等很久的，她说再久都愿意等，于是懵懂的誓言初显出来，定下了5年之约，你不嫁我不娶，熬了824天，你那晚讲，你熬不住了，我没有怪你，可能爱情始终是有缘无分的吧，祝你幸福
1457,后来才明白，后来永远在后来的后来[心碎][心碎][心碎]
1458,再见了，我的庞先生
1459,是啊，他不会知道了
1460,"后来的后来 所有人不再提起你的名字

在我脸上看不出任何喜欢你的迹象

而我还是深夜在日记里写下我喜欢你

天亮继续拥抱生活 拥抱没有你的日子"
1461,李先生你可以第二次喜欢我吗
1462,失去了意料之外的东西，是啊，意料之外
1463,你是错的时间，对的人
1464,你们结婚了吗？
1465,我曾当过搓澡工，有一次给客人搓澡，客人突然猝死，我都吓哭了，后来终于在眼泪中明白，有些人一旦搓过就不在
1466,分手的第五个月，遇见了会陪我会哄我的人，记忆中的你幼稚不懂风情不会哄女孩子却可以在关键时刻出现，也许是时间不对，也许是个错误，好好再见，不负遇见
1467,看得懂的自然能看懂，然而我羡慕那些看不懂的
1468,我看多少次都会想笑
1469,人的出场顺序很重要，如果换一个时刻遇见会不会有另一种结果？可是啊，人生哪有那么多如果，此生不是你 默默祝安好
1470,再见啦  我的李先生..
1471,千篇一律也就索然无味
1472,后来陪她的男孩也是啊，那个女孩是我整个高中时光的美好和期待，我真的好羡慕你，不知名的男孩，请你对她好点，谢谢你照顾她
1473,她走了
1474,添加好友 修改备注 特别关心 修改备注 完
1475,未来，你要好好走。带着家人的期待，朋友的祝福，自己的目标和他的心愿。
1476,我去听一下[憨笑][憨笑]
1477,那个女孩。今日往后，有缘再见
1478,"您好
您所拨打的用户已假装没听见
要点脸的话请永远不要再拨 ​​​"
1479,我分了 绝情的抛下了我 但我要等她
1480,布丁 你要好好的 老母猪💔
1481,初闻不识曲中意，再听已是曲中人。
1482,后来 我满身烟味    喝水也像酒一样醉
1483,后来，我们错过了
1484,那时候的爱情，为什么就能那样简单。
1485,我错过你了
1486,回忆？
1487,后来，听到了他们提起你，我笑笑。只是多抽了几根烟，多喝了几口酒……
1488,后来 我总算学会了 如何去爱一个人 原来 我们 只是过客啊[心碎]
1489,后来，我希望自己足够努力可以成为梦想中的人
1490,"听闻爱情，十有九悲。
听闻誓言，十有九谎。
听闻后来，始终一人。
其实一个人挺好的……"
1491,对不起我有点想笑[多多捂脸]
1492,一样啊
1493,"为什么你离得我近了，我们的交际却少了。
为什么你离得我近了，我们见一次面却更难了。"
1494,"现在我早已变成了随意说脏话和黄段子的女生，
可偶尔想起你时，
还是想穿一次白裙子给你看。"
1495,这些年来 有没有人能让你不寂寞 
1496,听个歌都不自觉的流泪
1497,我仅仅只是喜欢她
1498,我等你回来。再苦再累我也等。再给我一次吧
1499,大家都觉得这首歌是一首表达对爱后悔的歌，殊不知，它出自专辑 我等你
1500,她应该真的很爱你。
1501,"其实啊，我存过你的照片
你喜欢的歌我也去听
你看过的电影我也偷偷看过
你感兴趣的东西我也尝试着去感兴趣
我永远比表面更喜欢你，可你却不知道"
1502,自闭
1503,可惜不懂爱
1504,谢谢你。不用了。我自己等，如果能等到我会很开心，如果不能，那就慢慢死心吧
1505,这些年来 没有人比我更爱你
1506,看懂了
1507,谢谢你让我明白喜欢一个人不要太满，喜欢一个人不要那么卑微，喜欢一个人不是非要在一起，谢谢，只是很可惜，我还是想你了，还是想和你在一起☹️
1508,十年前在KTV唱哭了一屋子的公主
1509,他不愿意告诉我们，我们帮你打他一直到他醒为止
1510,梦雨，回来吧。我爱你
1511,初识不知曲中意，再闻已是曲中人。
1512,可是我们已经分手一个多月）
1513,DCH 我很胆小 喜欢你 这句话 从头到尾没敢说过 现在只能说 我曾经喜欢过你
1514,是不是深情的人都会受伤？是不是离开之后都会后悔？是不是我爱你换来的都是我不爱你？是不是我不爱你，你才会爱我？是不是我现在告诉你我不爱你了，你就会爱我？那好阿，我不爱你了，你快点来爱我吧
1515,后来 我要拿什么身份拥抱你。
1516,后来，你终究还是放开了我的手，消失在人海，三年又三个月，这次我是真的走了 [心碎]
1517,高三？？！[憨笑]
1518,我们都开始慢慢有了自己的故事，才明白小时候羡慕的长大是多么幼稚。可是人是不能拒绝成长的，我们也只有在成长中忍受痛苦，享受欢乐
1519,高一开始就错过了你，我永远都不可能再提起你的名字
1520,早~
1521,"看到都是喜欢的人要结婚了这样的
心里真惶恐"
1522,在路边突然听到了这首歌，来听听歌看看评论
1523,好像就我最没心没肺了
1524,刘若英这首歌放在专辑《我等你》里面
1525,"后来我真的有偷偷在人海里找他
就是真的没找到，大海捞针吧
可能就是想看他一眼
看看现在长什么样了
后来
我再也没有交男朋友了
好像谁都不像他"
1526,啥意思
1527,为什么没在对的时间遇到他
1528,婉婷，回来吧
1529,如果在稍微懂事点的年纪遇见那该多好啊
1530,哈？
1531,我不愿错过你耳朵，所以我不想放手
1532,邓世蓉 你是我这一生最爱的女孩 但是我最终还是弄丢了你 对不起 我自己犯的错不能你来承担。 你现在过的很好  我也祝福你 但是你要知道 4年了 我还一直爱着你啊宝贝 我再也听不见你的声音 见不到你的样子了 我好想你 你要记得 还有一个一直在你背后 一直爱你的男孩 我就是你的退路 尽管你早已放下我了
1533,我以为我能等到你 再多少年都没关系 可是你现在要结婚了呀
1534,[多多大哭][多多捂脸]
1535,宝贝，你这么还不回来？
1536,原唱是kiroro的未来
1537,有些东西错过了就不在了，我们一定要想清楚
1538,初二那年，他给了我一袋退烧药，我放在衣服里，一个冬天，我姐姐发烧，我才舍得让我姐姐喝掉。
1539,谁还不是一个没有故事的女同学
1540,"匿名发：中年少女
她回复：除了你没人说我老的"
1541,分开好久了 就是无法忘却 可能这就是人的劣根吧
1542,初闻不识曲中意 再听已是曲中人
1543,90后的我，转眼在这繁华的苏州城已经快七年了，有过苦，有过甜，有过笑，有过泪，时至今日，依然孑然一身。每当夜晚响起此首歌，我就知道是个不眠之夜。但是我却不知道我该怀念什么，是青春么？还是爱情？我有过爱情么？
1544,I miss you
1545,而又是为什么，人在年少时，一定要让深爱的人受伤。
1546,就是突然想来听，不知道为什么
1547,失望攒多了是真的会选择离开
1548,有些人一旦错过了，不再来，有些人明知道不再来，还是错过了
1549,没必要为了讨好新欢而把旧爱说的一文不值
1550,今天是我们分开的第937天，分开两年半＋24天，我无法说出为何还喜欢他，可是他就是在我的心里不出去，我知道等不到了，可惜就是放不下
1551,现在的我挺好，虽然没有谈恋爱，但日子过得有声有色，看书，写字，知道自己想要什么不想要什么，更喜欢动物，一直以来都想养条狗，虽然有时会觉得孤单，并不会孤独。唯一遗憾并愧疚的是父母对我婚姻的担忧。还是许个愿吧，希望我能遇到个合适的人让我重新信任，依赖，并对日后生活充满期待。
1552,我发现，我挺喜欢在网易云看你们说故事，感受你们的爱恨情愁，这应该不是病吧。
1553,如果可以那就找回来
1554,"我选择在高考的前夕之夜，默默将头发还给了她，看着她一闪而过的慌张，谈笑自若的和同桌继续聊天。

那一刻，我释然了，转眼六年了，知道她还单身着，我却变得古井不波了"
1555,我23没谈过一次恋爱，感受不到你们冷暖[大哭][大哭][大哭]
1556,哪有那么多后来，难道你不知道失望攒多了是会离开的吗
1557,养个狗吧，比如我养了俩猫[多多调皮][多多调皮][多多调皮]
1558,慢慢争取，遇到自己喜欢的很不容易
1559,爱，就要勇敢，即使遍体鳞伤[可爱]加油姑娘
1560,其实回头草最好吃了，彼此了解各自喜好。[大笑][大笑][大笑]
1561,后来  我在原地   你却走远了  错过就不再了
1562,这层笑死了，一大群吃货，不过讲真回锅肉加热后入味更好吃哈哈哈哈
1563,"后来，我才发现我所倾注的感情从开始就是错的，可是这一错居然就是好几年。
如今，我开始懂得，感情不必强求，不必期待，来不来，走不走，都顺从天意。"
1564,错过了就是错过了没必要再去怀念不是吗
1565,这首歌是他最喜欢听的一首歌，他曾让我听，但是我当时并没有听出什么感情，果然分手后再听就明白了歌词的含义，感觉句句戳心你内心。永远不会再重来了
1566,白茶清欢无别事，我在等风也等妳
1567,"把别人说的话截图保存下来，大多数情况下只是因为怕听不到第二次了。毕竟爱你的人那么少，随时要做好一个都不剩的准备。
所以要时常告诉他，我昨天爱你，今天爱你，明天也爱你。
别害怕，我爱你。"
1568,看着你们的感情经历，音乐不知道放到了哪一首[爱心]
1569,其实触动人心的东西，往往是最平凡中的不离不弃。感人肺腑的情意，往往是最真实的风雨同行。没有不能相守的情，只有不懂珍惜的心；没有不能永恒的爱，只有不知守护的人。
1570,大学去试试[呲牙][呲牙][鬼脸][大哭]
1571,刘海又长长了 最近也没有瘦 胖了几斤 人前依旧爱说说笑笑 你呢 我是不是该剪剪头发 或者努努力 过得再好点 你才会开心
1572,顶顶顶[呲牙][呲牙]
1573,什么意思啊[惶恐][惶恐][惊恐]
1574,这个月20号是你结婚的日子，想一想今天已经是她结婚快一周的时间，希望你所选择的那个他是对的，在20多岁的年纪除了年轻什么都没有，因为一些原因，但是不能拖累她，希望你婚礼幸福。
1575,有人曾告诉我说哭是这个世界上最没用的东西，可我不知道怎么表达我的难过。
1576,错过你的第一天
1577,高一班主任名字里有后来两个字，班上同学就经常唱后来这首歌。现在每次听到这首歌，都会想到班主任。老师啊，照顾好自己，别又碰到像我们这群调皮的学生而气自己
1578,花花世界，醉过才明白吧！
1579,"我爱你徐屹，十年时间，我用六年时间去选择默默陪伴，用四年时间选择去沉淀，有一天我会以一个更优秀的自己出现在你面前，把你追回来。可惜，可能就像凉下来的饭吧，加热了，再也不是你喜欢的味道了。
我尊重你所有的选择，有一天我会消失在你的世界，我希望那天是你结婚的时候，删除所有联络方式"
1580,我连后来的故事都没有，为什么要翻评论
1581,我们的后来已经成为了过去
1582,也许吧，若干年前，还是学生时，听过这么句话，所谓恋爱，我们都不过是在为别人调教老婆/老公，当他/她变得有老公/老婆样，也就不属于你了
1583,"男人最大的悲哀，什么都给了女人。
男人最大的悲哀，什么都给不了女人。
看得懂都是有故事的人。"
1584,心中存在一个人，孤孤单单一个人
1585,以前我在澡堂搓澡，有一个客人突然骤毙，我才突然明白，有些人搓过了就不在[大哭]
1586,后来我们分手啦
1587,我很想她
1588,世间那得两清法，负了如来不负卿
1589,"你喜欢雪  那就必须接受它的冷。
它不喜欢你没关系   您不要喝酒 不要抽烟 不要折磨自己  你比它强一百倍   很多人喜欢你  好好吃饭  好好睡觉   加油。
可惜我不是它  抱歉"
1590,"时间过的可真快，我们已经认识两年了，两年里每当别人提起你，我都要装作不喜欢你了，真的好累，现在好不容易能忘了你，哈哈，另一个人闯进我的世界，带走了我最后的一点点的爱，从此我没有爱过别人，忘了吧💔
我真的很喜欢很喜欢你________"
1591,后来我们还是用自己的青春替别人做了嫁衣
1592,她是春风   吹绿了你一身
1593,你见一个爱一个的本事一直在进步，感谢你的不娶之恩
1594,福羊羊～原来的你像空气，失去之后才发现，你真的是我最最最重要的朋友。可是明白了有什么用了，你再也不会回头了。好多的遗憾，好多的早知道，好多的对不起，都没用了。不知道你能不能看到，福羊羊福羊羊福羊羊福羊羊福羊羊
1595,你说分手了还可以做朋友，可是，我又不缺朋友，我只缺你……
1596,是啊，开心一点，来干了这瓶。
1597,在一起俩年 喜欢你的第七年 没联系的第四年 工作的第一年 没谈恋爱的第五年  昨天上班跟高中同学聊天 听说你现在有了男朋友 听说你马上要结婚了。瞬间泪崩了 祝你幸福呀
1598,盘她
1599,时光冉冉，最后发现证明了也不重要了
1600,要么一生，要么陌生
1601,希望我的头发不要再短了，我想续长了
1602,所有的结局都不可能是happy ending
1603,不是我们而是我
1604,"后来
南山的风吹散了谷堆
北海的水淹没了墓碑
你应该回头看我一眼
我又有几分像从前💔💔💔"
1605,我瞒着所有人继续爱你  但我也再也不会去找你了
1606,"我打了好多字，
然后又删了"
1607,曾经小学最喜欢的的那个女孩，现在过得还好吗？记得那年是五年级，你转学来到了宿松县许岭镇中心小学，对你可以说是一见钟情💘，后来六年级你又回到了原来的学校，我就这样默默地暗恋了你一年，唯一的合照就是小学毕业照，直到现在看毕业照都会盯着你看好久，XCQ（徐彩琴）希望你现在过得好。。。
1608,对不起，打扰了。😌
1609,后采呀 我们真的变成了你 我
1610,在回去的路上单曲循环
1611,要走了，终于要准备放下了，她呢，也许早就放下了吧，一旦错过就不再，只留下我一个人去后悔
1612,有些人一旦错过就不再
1613,后来，终于在眼泪中明白
1614,嫁给爱情的人真幸福！
1615,我发誓这是最后一次剪短发了，真的💔
1616,后来吗？我们还有吗？
1617,离开时心真的很痛
1618,原来爱不是你愿意就行，别傻傻的付出，后来她还是不喜欢你，跟你在一起只是一时的冲动，是一时的暧昧，让你觉得那是爱情，到最后自己遍体鳞伤，她身边还是有别人，依旧光彩照人
1619,想了想还是祝你幸福吧
1620,婉婷，回来吧
1621,我一直觉得爱一个人就要明明白白的  任何的含糊其辞都不行   因为彼此交付的东西是真心 那是对于人而言最珍贵的东西 很可惜 我是这样 你不是
1622,可是有时候真的不甘心只做朋友
1623,以前喜欢一个人，现在喜欢一个人
1624,越长大越不想回忆，可是偏偏忘不了。那些年我们一起追过的女孩你们在哪？那些年我们最好的朋友，同学，兄弟你们都在哪？可惜你们早已远去消失在人海里，我只能偷偷的流泪，渐渐明白错过就不在了，也明白了放下。
1625,放弃容易，但坚持一定很酷。
1626,我就站在你面前 你看看我 还有几分像从前
1627,分手那会，眼泪一直往下掉，哭的很惨。但只哭了5分钟，这是重新开始的时间。
1628,好好生活鸭，会有一个人跨越千山万水来爱你❤。
1629,很想问问他当初为什么不娶我
1630,还没睡呢哈哈性情中人
1631,最近不知怎么了，每天深夜无限循环。好累👞
1632,我爱你唐芹
1633,2015·11～2019.1.5  彻底跟你说再见
1634,努力为了自己想要拥有的一切，务必加油！
1635,爱，唉[哀伤]十人九悲还有一个要不在路上，要不就是已经失去了
1636,我们从来没有开始 哪来的后来
1637,打电话的朋友？？？
1638,夜深了  睡吧
1639,"最开心的是你喜欢的人恰好喜欢你，
最难过的大概是你知道他没有那么喜欢你，
而你却不能停止喜欢他。
"
1640,这首歌，真的很催泪……
1641,后来，我看清楚了她。
1642,我们都会好的[爱心]加油鸭小姐姐
1643,直到现在 我一直都想你
1644,爱意在夜里翻了墙
1645,真的真的好想你
1646,嗯 再也听不到你叫我的名字了
1647,倪贤 我还是忘不了你 对不起 
1648,汪兰  我让你受伤了  以后的所有结果我认了  我真的认了  爱你这么几年  我认了
1649,我服了
1650,我认
1651,我勺子
1652,我懂了  我认了  我累了  我懂了  但依然爱  我不知道该怎么办
1653,那天，我难过到不想说话，我坐在写字桌上写我的数学卷子，眼泪啪叽啪叽的往下掉。还没写卷子先湿了，我一边擦我的卷子，一边想:掉你大爷，掉你大爷，怎么回事啊。
1654,后来，哭累了，哭不出声了，也许煎熬和痛苦会减轻一些，但即便再怎么不好过也不愿再去打扰你
1655,后来，你的心已经回心转意了，而我的心早已心灰意冷了。
1656,都是九年义务教育，为何你如此优秀？
1657,后来 我们走到了分岔路口 我把这个故事分享给她 我问她你会选什么 她说用尽全力
1658,后来.....噢对...我们好像没有后来
1659,以前听这歌，觉得太多人喜欢，街头巷尾、手机里、车里、ktv里、总有人反复循环，不喜大众风，便没多少耐心去听。而如今，到了觉悟了、也折腾过的年纪、再细细听来，原来最初的单纯、懵懂、傻气和真挚、是永远无法倒带的珍贵经历与回忆。青春很美好，每个人也渐渐长大了。
1660,我们无关爱情，却让我愧疚一辈子
1661,我不想过着平庸的一生，因为以后我可以很有底气的让你的老公照顾好你，如果照顾不好就把位置让开。
1662,其实你等了6分钟对不对
1663,要幸福哦[亲亲]
1664,你会幸福的
1665,袁浩基 我真的好想你 我没有骗你 没有撒谎 我之前真的不知道他是gay 可我知道 我们不可能了 不论你对我做过什么事 都不重要了 我不恨你 也不会跟别人诋毁你 我们的所有回忆 我全都当作是美好
1666,没错 很难受
1667,我知道她过的不好 可是我没有办法
1668,嗯……再也听不到你叫我名字的声音了。
1669,2008.10.26  嗯……我已经结婚了
1670,后来 我们都有了自己的生活
1671,萍，我爱你，十二年了，一直以来都是如此，一辈子，都是如此！
1672,爱意在夜里翻了墙
1673,懂比爱重要
1674,他结婚了，我知道，他知道我知道。时隔数日，鼓着勇气发了的消息被特意提醒“我结婚了”。现在满脑子飘的都是我结婚了这几个字，以及想象中他说起这句话的神情。有些人一旦错过就不再。
1675,添加好友无下文
1676,"少年有他的严冬，
有他的皑皑白雪，有他的彻骨寒风。
如果可以，雾给他，冰川给他，雪山也给他。
是掩山避封的雾，是高峻陡峭的冰川，和延绵万里的雪山。
万物给他，让他重生！"
1677,2013.1010.2019.1.27 彻底和你说再见
1678,我不知道梦里都有谁，我只知道那是我想念的人。那天我做了一个梦，梦到你打电话通知我参加你的婚礼，我要你准备一箱茅台，婚宴上你搬来十箱，所有亲朋好友都喝倒了，包括新郎，最后只剩下你和我，我忘了踉踉跄跄走到你面前和你说了什么，回家以后发了条信息给你说的。然后醒来拿起手机抱着很久很久。
1679,再见到你，还是以前那个样子。你怎么就不能长大一点成熟一点让人少操点心啊/真好，你还是那样的单纯，还是我以前喜欢的那个人
1680,你说我以后一定会后悔，我不信，过了这么久，你说的果然没错，我真的好后悔啊！但你直到现在还是我回想起来的甜蜜啊，我的男孩，我的青春，真的再见了！不再见(ー_ー)!!
1681,"可能需要等待更长的时间，我们再和好，
就不会是现在这样  :  和好了 然后  又分开 说了比当初更绝情的话。"
1682,后来的我们，她结婚了。而我还是单身一个人。也许是习惯了一个人。也许是忘不掉吧……
1683,没有哪句话真的能表达内心的苦涩 
1684,十岁的时候看了后来这首歌MV，那时候只觉得这真是一个伤感的故事。十年过去了，我总算听懂了，当你学会爱一个人的时候那个人已经不在了，你只能把对他的爱和歉疚赋予下一个人，对他更好，但他永远也不知道我原来也是这样一个懂爱的人了。
1685,只有网易云音乐的评论可以让我好好说出自己的心里话 沉浸在这几十万的评论里
1686,新婚快乐
1687,同城，还不睡?
1688,其实真的很难
1689,你是我的春夏秋冬，我是你的甲乙丙丁。
1690,《未来へ》
1691,初二的时候，扯了他一根头发贴在一本书里。现在还在。
1692,"究竟什么样的终点 才配得上这一路的颠沛流离"""
1693,有几个看明白的.
1694,最苦的糖还是喜糖
1695,初闻不识曲中意，再听已是曲终人;             既然已是曲终人，何必再寻曲中意。        
1696,你永远都不会知道，你在路上随便见到的路人甲，是别人做梦都想见到的人
1697,是啊，都一样
1698,后来，还是有什么东西变了，不必太遗憾，或许，只有这样的结局才美好吧
1699,我不知道后来我们会怎么样，但是我真的好喜欢你，超级无敌喜欢你，张先生，你现在还不是一个成熟稳重的大人，可是你真的特别特别好特别特别温柔，我一定会变成很好的我去喜欢你！你一定要坚持到我长大的那一天，我们要一起成长。
1700,给我他的联系方式，我替你说
1701,后来  我跟她是什么样子
1702,我不甘心
1703,后来，我会走条我喜欢但坎坷且荒无人烟的路。再后来我会努力变优秀，然后迎接你
1704,嗨 c太太 好好对c先生啊 那是我做梦都想见的人啊 
1705,当一个女人错过那个她最想嫁的人，就会变的越来越挑剔。 当一个男人错过那个他最想娶的人，就会变的越来越随意。 挑剔是因为，谁都不如你。 随意是因为，反正都不是你...
1706,太廉价了 就不会被珍惜
1707,我从来不觉得有人能陪我走完这一生 这个年纪的感情真的很脆弱 好像纸一样 一刮就跑 一揉就皱 一扯就破 无论是谁我都感激你在我生命里 我也没那么成熟看透这个又看清那个 我以为 成长路上不会有很多别的东西 我不需要那种隔了很久的问候 也知道拥有就是失去的开始
1708,"后来的我
不再爱你
也不曾忘"
1709,想起初三的时候暗恋的一个男生
1710,哈哈哈
1711,后来终于明白，错过了一个人，便也错过了一辈子。
1712,别等了
1713,我开始喜欢你的时候，你美好的不像话，现在你女朋友换的那么快，我好难过，可我还是喜欢你啊，我真的不想喜欢你了，可我控制不住我自己啊，你叫我怎么办？你懂这种无能为力的感觉吗？如果你想找个适合结婚的人不如考虑我吧，我还是喜欢你。
1714,后来  我不是不喜欢你了只是那是觉得既然不会有好结果就干脆算了，我知道你也坚持过，但......希望你好好的
1715,慢慢长大的我  才明白 什么叫错过了就错过了 离开了就离开了 他再也不会回来了   可惜他不是灰太狼  我也不是红太狼！
1716,三年
1717,真的是一首越听越舒服的歌
1718,对啊  但是时间会证明  所以会知道的
1719,珍惜眼前人啊，各位
1720,真好
1721,最烈的酒是他的喜酒
1722,祝你幸福
1723,时光老了
1724,最苦的糖还是喜糖
1725,为什么 他不爱我
1726,"原来啊  ，时间根本说服不了我自己  ，后来，后来，后来，我闭上眼睛躺在黑黑的屋子里想到的都是你啊是你啊，可你太耀眼了啊，你不是，不是我一个人的太阳。
——19.1.29  23:37  给三色先生"
1727,后来 我瞒着所有人继续爱你 YJY  晚安～
1728,我和他隔着长风万水
1729,要是我们从来没有遇见该多好，为何非得留下一份牵挂。
1730,海上月是天上月，眼前人是心上人，向来心是看客心，奈何人是剧中人，后来，海底月不可捞，心上人不可及，看客心伤不起，剧中人不可提
1731,后来在几百人面前唱《后来》时想的那个人，回来了。
1732,去他看得到的地方告诉他把
1733,可悲的是 没有故事
1734,想知道什么是爱 哪怕只是曾经拥有
1735,"希望再也不再深夜里，因为你而唱起这首歌。
再见，你永远是我年少最美好的回忆。"
1736,迷茫，路就在那里，缺的只是知行合一
1737,我知道你不在这里，对不起，只有喝醉了才敢跟你说说话，可是只听见你的声音我就沉默了，当你说让我忘了，当你说我们没有什么好说的了，我从来都没有拥有过你，即使断了所有的联系方式，还是想知道你开心与否。看见你的说说，知道你会微笑着面对未来，我也就放心了，也放下了。晚安，我亲爱的S先生。
1738,凉了的饭菜再加热后也不是原来的味道，就像我感觉不到你爱我一样
1739,阿弥陀佛[拜]
1740,你为什么勾起了我对爱情的欲望，然后突然走掉
1741,想我了，就回来吧
1742,赵子渊小哥哥，这是我们分手的第118天了，我还在等你
1743,"上次抱你是三年前了，小河边月光刚好，北风不袭。怪就怪你跟我一样高，清清楚楚的听见了你的心跳。那天不知道我算不算拥有你了
祝你一切尽好，三年后，你若未嫁，不知，嫁我可好？"
1744,王逸雯小姐，我们分开已经两个月了，只怪当时我不懂得如何去爱你，现在只希望你能够遇到一个对你好的人，愿你一生幸福。
1745,你都如何回忆我 带着笑或是很沉默……
1746,祝你们幸福
1747,我也在等一个他
1748,陌生人！加油！我们都需要从新来过！
1749,分开第321天，晚安。
1750,会的
1751,一定要好好努力
1752,他不爱你，别再为他找借口了，不爱就是不爱。                                                 那他为什么骗我说爱我。
1753,来都没来，谈何后来...
1754,朱安斌
1755,他踏万千星河而来 又乘舟奔赴远方。[哀伤]
1756,1999.11.1---2019.11.1  就是20年
1757,那年我们都十七岁 我们在下晚自习后一起坐在操场上 他亲吻我脸颊的那一刻 是最好的回忆了
1758,快20年了
1759,这首歌我就不下载也不收藏了    收到一次点赞我今天听一次吧[哀伤]
1760,☁｀｀、ヽ☁｀ヽ｀☁、、ヽ🌙 ｀ヽ 、☁｀｀ヽヽ｀ヽ、ヽ｀ヽ｀、ヽ｀｀、ヽ 、｀｀、、` ｀、ヽ｀ 、｀ `、'、`、、`、、'、`、ヽ｀ヽ、ヽ ｀、ヽ｀｀、ヽ、｀｀、｀、ヽ｀｀、 、ヽヽ｀、｀、、ヽヽ、｀｀、 、 ヽ｀、ヽ｀｀、ヽ｀ヽ｀、、ヽ ｀ヽ 、ヽ｀｀ヽ、｀｀ヽ｀｀｀、、` ' 、`、'、`、`、'、🏃、、、、｀｀🚶
1761,经典永远是经典
1762,哈哈哈哈哈哈哈哈
1763,滚 好吗？
1764,好好学习，好好工作，好好生活，就是不去好好谈恋爱，因为我怕。
1765,后来，后来，我还是很难受，很难受
1766,后来……后来我知道了要当别人的小仙女，而不是当妈…
1767,你知道那种每次的期待变成失望的感觉吗 然后你又给我希望有带给我绝望 一直重复让我走不出来   我能说我好想你 虽然很恨你  明明我那么爱你付出那么多为什么你都不在意   可是 为什么我的爱要永远比恨多那么一点点呢  嗯 就一点点  嘻嘻
1768,后来我才知道这首歌是翻唱
1769,经久不衰呀
1770,后来，认识四年的前男友回来找我。我记得他上次找我跟我说这是我最后一次向你表白。这次他没有直接跟我说做我的女朋友吧。他跟我说他想我他难受但是因为一些原因我们不能再在一起。我跟他说没事就删了吧。他跟我说了好多遍不要删他。而我句句话扎他的心，第二天我发现他主动删了我。对不起，我还爱你。
1771,我喜欢你啊，王余，还有1年了，我想挺过去。
1772,莫名泪目
1773,不过终归会留下遗憾
1774,我正在弥补，不然这会是我一辈子的遗憾
1775,一个转身，一个倔强。怕是永别了吧！[西西再见]
1776,嗯，我也是
1777,我很怕想起你，因为每次想起你，我都会失眠，想你和我分手之后那么快就和别人在一起了，想起你和别人幸福的样子，而我每天活着痛苦和煎熬当中，为什么放不下的是我？很多人说得对，一旦跟女朋友分手，通常是男的放不下，而女的往往谁对她好她就喜欢谁。
1778,我以为我放下了
1779,跨年的那一天，他有女朋友了。那一刻如释重负，转身却泪如泉涌
1780,用一年的时间还是打动不了你
1781,鼓足了勇气想表白时，喜欢的人却又女朋友了
1782,那啥  缺人不，不行我顶顶
1783,忘了那个人，好好生活，好好做事，好好学习，好好看书，努力变好，当我没爱过……忘记才是最好的归宿，三年前一个女孩爱上了一个男孩，爱到疯癫，三年后，这个女孩不在对这个男孩执着，这个女孩在不断变优秀……在不断变好……
1784,早想啥了
1785,你都如何回忆我
1786,后来，我再也没见过他
1787,后来，我们不再是我们。
1788,我也会想起原来初中时我们一起过的美好时光，看过一段话上说一个男生把手搭在一个女生肩上就说明他喜欢她，怕误会的我一直拒绝你，可我内心是开心的，可是后来不知怎么你突然冷谈了？就再也没有后来了我说过我想和你上同一所大学，已经忘记了你的答复
1789,答应我 千万不要留遗憾
1790,没懂啥意思 可以解释一下吗 谢谢
1791,后来，看着那个陌生又熟悉的头像，看着那个曾经有我的朋友圈，看着不会是为我努力的生活状态。是否会有遗憾。
1792,现在知道了
1793,后来 我们学会了太多
1794,很喜欢的一句话，明明是你先招惹我，你走了，我还在原地，留下一句年少无知
1795,那时候的爱情为何可以如此简单[心碎]
1796,你才二十多岁，没遇到喜欢的人很正常，往后你会发现，大概是遇不到了。
1797,我知道你消失了。可是如果，只是如果。如果有一天，我孤独寂寞的时候，你会回来看看我吗？
1798,只知道后来再也没有遇到过那样喜欢过的人了
1799,始于你，终于你，而我是始终被动的角色，这个角色也到了剧终
1800,你过得很好，换了一个又一个女朋友，如愿以偿的出了歌，一步一步走向梦想，你很开心，。而我只不过是飞过你天空的归雁，故事由我们俩共同开启，现在只有我一个人站在回忆里等你。
1801,"我能做的就是照顾好现在的你
三年后的你，我肯定不能决定，
你家人的决定会占很大比比重
正如说所说的，听闻爱情，十有九悲，
其实我真的怕的是心，
心与心的距离，现实的距离，
如果以后你要离开，
我会含着泪静静送你离开
然后把我们一起走过的地方，去每一条路，每一家店铺全部逛完，
然后回到认识"
1802,喜欢多一点是心动.心动多一点是爱.比爱多一点 全是你       以前喜欢热闹.现在喜欢独处.以后喜欢你吧          你是我的满目山河.也是我的可爱又可得            大家都说我的性子很慢.其实我也可以很快的.比如后面有狗追我.亦或你在前面等我         最幸运有这段可遇不可求的缘分.我不想将你归还人海
1803,你真的成熟了，因为你的初恋伤你太深。重感情如你，等我足够优秀足够漂亮之时，若那时你还单身，我定将这对你的所有心思通通袒露给你以及一句：我喜欢你很久了
1804,歌词谐音啦
1805,去听一下伏笔
1806,然后做劈尖干涉
1807,不可以啊
1808,我和楼主有同样的想法
1809,只要活的明白，比什么都好
1810,年少的我任性冲动不知当时的你该是有对失望  那晚所有的悲伤与快乐时光重演 十八岁的你与十七岁的你没走到我的十八岁 当我学会如何一个人好是我已经没有机会 此生就这样错过你 再见 马先生
1811,我却还带着回忆孤独的前行，我很笨，笨到错过你之后，再也没有办法去爱一个人了，也许，此生不再相见，是我对这份爱最好的祭奠，有一个男人替我爱着你，照顾着你，你幸福，我也就无憾了。新，我爱过你，只是不再相见了，也许再次想起你，还会对着照片凝望一个下午吧。
1812,看懂了😜
1813,初见你时，那一弯浅笑让我沉醉，18岁的年纪，第一次懵懂的爱一个人，我还记得狮子林的记忆，一个姑娘要给我们合照时我还无所谓的说了声谢谢，现在想来，真的很傻很天真，连拿来怀念的合照都没有；只是多年以后，再次在尘封的记忆里找到一张你的照片，我却默默的抽了一整盒烟，你以嫁做人妇， 
1814,大叔，我会为你留你喜欢的长发的
1815,那时候的爱情 为什么就能那样简单
1816,后来  你我都消失在人海   可我还是忍不住在人海中寻找你的身影
1817,不在一起就不在一起吧，反正一辈子也没多长
1818,伴随期末考试
1819,☁｀｀、ヽ☁｀ヽ｀☁、、ヽ🌙 ｀ヽ 、☁｀｀ヽヽ｀ヽ、ヽ｀ヽ｀、ヽ｀｀、ヽ 、｀｀、、` ｀、ヽ｀ 、｀ `、'、`、、`、、'、`、ヽ｀ヽ、ヽ ｀、ヽ｀｀、ヽ、｀｀、｀、ヽ｀｀、 、ヽヽ｀、｀、、ヽヽ、｀｀、 、 ヽ｀、ヽ｀｀、ヽ｀ヽ｀、、ヽ ｀ヽ 、ヽ｀｀ヽ、｀｀ヽ｀🌲、、🚶｀🌲ヽ🚶｀、🏃`、` ' 、🏃、`、'、`、`、'、
1820,想做回那个，听着曲，却不知曲中意的自己了
1821,"感情怎么能变成一场拉锯战
你一刀我一刀
后来大家都遍地鳞伤
还说过得挺好"
1822,后来，你不爱了。
1823,因为这就是缘分
1824,听着歌，然后带入，都是有故事的人啊
1825,"白头到老是人间大谎
因为你
我信了"
1826,婉婷回来吧
1827,只有自己更好 才能配上更好的人
1828,一样呢哈哈哈
1829,你的心在我这里吗
1830,前些日子又梦到你了 你向我招手 我向你跑去 然后我们聊了好多 你还带我吃了好吃的 其实 从一开始我就知道是梦 从看到你的那一刻我就知道是梦 是我不愿醒 遇到你一次真的太难了
1831,想想我们好像还在昨天，但是猛地发现发现你已经离开我好久了，是不是新人已经代替了旧人，会不会你听到《有点甜》这首歌还会想到我，会不会抱着其他女生的时候会感觉到好熟悉的感觉，我们说好走到最后的，可是我们却在半路分开了，已经2年半了，但是还会莫名的想到你，但是再也没有那种喜欢的冲动了
1832,我挺不情愿我们分道扬镳后 你拥有的那个人再也不是我 但是 人总是要向前看啊
1833,这首歌明明是唱给曾经喜欢彼此的两个人的，但我一个连喜欢都没说出口过的人莫名觉得它适合你。2018年6月12日我们在同学聚会上见面了，他们都说你长大了变胖了。但第一眼我觉得你还是那个三年前身材单薄长相白净的少年。唉呀我还是有点想你的。不知道你有没有认真听，那天的后来是唱给你听的。
1834,"用简·奥斯汀的话来说：
“我也说不准是在什么时间地点，
看见了你什么样的风姿，
听到了你什么样的谈吐，
使我开始爱上了你。
那是在好久以前的事了。
等我发觉自己开始爱上你时，
我已走了一半路了。”

如果可以
剩下的那些路
还想爱你---梧桐先生"
1835,她喜欢“互相关注”里的那个他，但是他们从来没有交流过。她每天在微博上发表动态 想要得到他的注意。他一直没有评论过.某天，她在微博上问“被喜欢的人评论是什么感觉？”不一会他就评论了:那你得来评论我一下，我才知道呀。
1836,这是为什呢
1837,秀
1838,后来……     嗯     珍惜，不要等到失去后才后悔
1839,既然已是曲中人，何必再听曲中曲，曲中轻忆梦中人，梦醒时分叹红尘。
1840,如果我还是那个18岁的年龄你说什么就是什么可是我现在21了不好骗了
1841,回复张杰家的搬运工:我是那个一喜
1842,"我喜欢一人
是真心的
讨厌一个人也是真心的
但是
唯有你啊
我不会用心讨厌你
为什么呢
因为啊
我喜欢你啊总有一天我相信你看到我写的这个但是那个时候我的感情也是不是现在这样的了.……"
1843,曾经我们也好到让别人羡慕啊
1844,孔康.
1845,杨曦毅
1846,我今天在这里说我喜欢阿盆等我不喜欢她的那一天我在来这留一次言。
1847,凌泽晨
1848,CHEN
1849,付出全部的真心被当做玩笑，他也有真心，只是力所能及的时候才能分你一点点，而你一直被蒙在鼓里，一直以为那是全部的真心，你多么可悲啊
1850,我觉得最幸运的就是她从初一开始喜欢我，一直喜欢我直到我喜欢她，现在高三。有你真好。
1851,我会很难过，但我不会暴露在你面前，更不让你知道
1852,真实
1853,永远不要回头呀，笑着沉默
1854,可是我连不打扰都忍不住呐
1855,回味以前的点点滴滴感觉曾经是多么美好，而现实总是那么残酷，爱情仿佛是两个家里的恋爱。今天来见了最后一面，憋了一肚子的话不知要从何说起，却一句各自安好结束了开头，如今再听已是曲中人，衷心祝福你，愿你今后安好。——纪念1199天的爱情2019.01.29
1856,我晕了，华语乐坛就不能有自己国人编曲的吗？就会填词，填的都是什么情情爱爱，我寻思咱们能有点出息吗
1857,错过，咳咳…
1858,才四个月你就这样了，看来你没有那么爱他
1859,"谈了一场4年的恋爱，第一首和他的合唱是体面，第一场陪他看的电影是后来的我们，[哀伤][哀伤][哀伤]第一次晚上陪他出去耍是分手之后
看吧，遇见这个男孩的时候是我最不成熟的年纪，我拿什么留住他
抱歉，让你在最美的年纪遇见了这样一个我。打扰了"
1860,后来的我们一定要特别特别的幸福.
1861,最难受的是在一起不快乐 分开了舍不得
1862,后来，我凭借一个手机号码翻遍整个网络社交软件，把自己变成爱情侦探，一样可以爱你很久很久。
1863,现在还会有点难过但是错过了就不再了未来的我一定会更好[心碎]
1864,是的啊  跟写作文似的长篇大论哈哈
1865,会有真正的爱情吗？会有纯粹的爱情吗？他的爱会持久吗？可能我只信细水长流，陪伴是最长情的告白！
1866,听说了奶茶这首歌背后的故事，现在再听会有不一样的感受
1867,我突然想到，和我同一个学校的他，分手至今，我再也没有见过他
1868,陪一个男生八年 最后会是我吗？
1869,想找个女生陪我单身
1870,你说一个人一生可以喜欢很多人，但心疼的只有一个……可，后来怎么变成了心疼不是爱……
1871,"后来，我们还是没有在一起，
后来，你的身边有了一个她，
后来，我放下了对你的执念，
后来，你我的一切深埋心底，
后来，也许我可以祝福你。"
1872,"一叶知秋 我们相遇
寒风凛冽 我心动 如痴如醉
但 路过的我 听闻你心上有人
于是后来 这份心动无人知晓."
1873,她开始了新的恋情，我要努力放下她💔
1874,《东邪西毒》里有段台词：“以前我认为那句话很重要，因为我相信有些事说出来就是一生一世。现在想想，说不说也没有什么区别。有些事情是会变的，我一直以为自己赢了，直到有一天我看着镜子才知道我输了。在我最美好的时间里，我最喜欢的人不在我身边，如果能重新开始该有多好。”
1875,"而又是为什么，人年少时~

一定要让深爱的人受伤！！！

当时如果不那么倔强:现在也就没那么遗憾"
1876,或许，那个女孩的感觉和你是一样
1877,这一楼的回复都是吃货[大哭]
1878,似乎每次回忆起来都是夏天阳光透过香樟树的场景，我好想你，好想以前那个坐我后面揪我头发的泼猴，好想八百米陪跑的你，好想那件白T恤，
1879,突然想到经纬版的后来[大哭]
1880,有些人一旦做过就不在[生病]太真实了
1881,我很好你也保重    
1882,我曾当过搓澡工，有一次给客人搓澡，客人突然猝死，我都吓哭了，后来终于在眼泪中明白，有些人一旦搓过就不在。
1883,没必要把自己要求压那么低 你确实是很爱他 但是你爸妈把你放手里疼了二十几年不是让你这么委曲求全的
1884,年年岁岁花相似，岁岁年年人不同
1885,后来，没有了我们
1886,想点喜欢却又不敢听的歌。
1887,"刘若英自己也说：在我的电影里面 没有第三者 也没有谁出车祸 谁怀孕或者癌症 我就是希望表达纯粹 两个人的关系 走到了某一个点会突然之间觉得不快乐
可能就是这样 一瞬间我们就走散了吧 觉得你不懂我 或者 我不能让你变得更好"
1888,粗神经的我错过了太多，但回忆都是甜蜜的
1889,你都如何回忆我
1890,2019年了 已婚 已孕。可我想回到过去了。 
1891,：我也懂那种感受
1892,从来都没有听他叫过我的名字，书上说总有一个人会把你的名字喊的百转柔肠，可惜，不是他
1893,我也是[口罩]
1894,失恋了，发现除了她，再也找不到人去说心里话
1895,"你说什么最难熬,长夜漫漫还是四月五年,还是你爱的人不能在你身边."
1896,总会在十七八岁爱上一个，不可能在一起的人。年少的空欢喜，都是你给的，再见了，那个陪我异地恋的男孩，希望往后的日子，离开我你会遇见更好的人。
1897,看了这么多评论 首先祝福你们有情人早日眷属 我没有故事可以讲
1898,攒满所有的运气，去遇到更好的人，
1899,分手4个月了，今天看着你给她拉行李箱，心里居然没有那种刺痛感了，，，
1900,后来，我们没有后来了
1901,后来，我，他
1902,婉婷 回来吧
1903,如果当时我们能不那么倔强，现在也不那么遗憾。
1904,人总是这样，直到失去了才懂得珍惜。很遗憾吧，那么喜欢，连张合影都没有[心碎]
1905,有些人。。一旦错过就不在。。[流感][流感][流感]
1906,[多多大笑]
1907,扎心扎心·············
1908,明明已经忘了那个人的一切 可是在老朋友那里 我们的名字永远都连在一起 最怕跟老朋友见面 因为她们总会提起你花了好久好久好不容易忘记的名字 不过总算释怀了 可以微笑着跟别人谈论我们以前的故事了
1909,大番薯的词真厉害呀！
1910,"我相信
并没有错过"
1911,后来就没有后来
1912,2.2你即将十八岁 我们的事情都是小时候的事情了
1913,现在才是这首歌原来是梁静茹和刘若英一起唱的。竟然还有光良的和声编写
1914,后来 我总算学会了如何去爱，可惜你早已远去消失在人海。后来终于在眼泪中明白，有些人一旦错过就不再。
1915,林嘉龙 你回来啊
1916,后来没有了后来哈哈这是个悲伤的故事.
1917,放心好了我从来不评论的
1918,曾当过搓澡工，有一次给客人搓澡，结果他突然当场猝死，我吓哭。后来，终于在眼泪中明白，有些人一旦搓过就不在。。。。。？
1919,不爱我
1920,有些饭菜，热了之后重新回锅，反而会更好吃
1921,被人喜欢的感觉真的很好，但是没有机会了
1922,世界这么大感谢遇见你，笑容可以给很多人，但心只能给你，我没有什么特长就是特别的爱你，我不喜欢异地恋，但对象是你 我愿意，我愿意等你，希望你也不要放弃，熬过异地恋我们就结婚吧，我希望陪我到老的人是你
1923,后来啊，人海十万里，谁可曾善待你。
1924,可能和我一样有些东西随着时间消失殆尽。
1925,秒懂，哈哈哈，对这歌烂熟于心了
1926,我也是这样  我是不是病了
1927,错过别觉得可惜，只是还没有遇到命中注定的人…
1928,没有后来了，我们都把彼此弄丢了，或许我还会想起你来，但是只是心头的颤抖，不是年少是冲动了
1929,"我以为,分手会撕心裂肺却没想到如此平淡，每天两点一线的上班，下班在租的小房子里打会游戏一天也就过去了。要说是不爱吗？可我也为她流下过眼泪，也真的想过给她一个家。我是不是病了?如是我问自己。"
1930,都他吗是有故事的人呵呵
1931,最怕一首歌听懂了
1932,别那么倔强了 我们就要错过了
1933,可惜，最终你还是嫁给了另一个他，因为他不愿意让你陪他一起熬下去。
1934,于婧，我爱你
1935,我不想看见这些评论
1936,"唱着唱着看着评论
老阿姨竟然落瑞了"
1937,不忘初心，我等你
1938,"后来，我终于学会了如何去爱可惜你早已远去消失在人海。后来终于在眼泪中明白，有些人一旦错过就不在。
有个女孩爱过那个男孩...[心碎]"
1939,唯一一个让我落泪的女生
1940,从前你想娶 我不想嫁 后来我想嫁 你却走开
1941,你的名字 我的心事
1942,江柠，我爱你
1943,齐森，记得回来，要不然就变成《后来》了，要记得，你一定要记得回来💔回来抱抱宝贝。——淼淼的妈妈
1944,感觉真无聊，复制粘贴，有意思吗？
1945,"上辈子是不是跟你仇
让你这辈子来折磨我
多少次没有来由扭头
看到在身后不远的你
以为放假终于可以远离
可后来的你为何还在这里"
1946,你是魔鬼[大哭][大哭][大哭]
1947,是相遇，相知，分离，感悟，追寻，相拥，相爱，相守，但是很多人都没能跨过分离这道坎，栽在了这条路上。
1948,我也是。。。再也找不到她了。。。
1949,"
                         旧爱和凶手
                         都喜欢事后重返现场
　"
1950,"但是我忘不了她啊
（*︿*、）"
1951,相信（那个女孩）你也不会明白，后来，一起走过的日子，一起跑过的操场，直到连你都不记得了的时候，（那个男孩）我还是会珍藏在心里，那是这个男孩最美好的回忆。
1952,"大概青春就是这样 ：
阶段一：相知
阶段二：相爱
阶段三：分离
阶段四：感悟
阶段五：努力
阶段六：相知
阶段七：相爱
阶段八：相守
阶段九：一辈子
真好奇你们的段位多高"
1953,实习的时候公司里有个热心的大叔每天上班顺路把我们接去公司[爱心]他的车里每天单曲循环的都是《后来》[爱心]有天我实在很好奇问他为什么老是听这一首，他回答到刘若英的后来是最有味道的一首歌[爱心]有一天他在那默默地感慨了一句年轻真好，我的二十年感觉一闭眼就过去了[爱心]是啊，年轻真的很好
1954,后来我也就没有和别人憧憬过未来，失去了就是失去了，后来就是没有你的后来
1955,我和你就像南京的上海路，上海的南京路。听上去亲密无间，实际上，毫无关系。
1956,真不幸运 她遇到了我
1957,我会乖乖等你的♡杨淑杰
1958,说明你年轻啊。。我们上学时候没手机啊。。。
1959,啊啊啊 作业好多啊 怎么办呐
1960,我还留着你的头发。
1961,只有那个背影了。。。陌路行人
1962,我只有偷偷的照过的背影
1963,唯有这首歌百听不厌
1964,不是的吧。
1965,认真听后来因为那个他
1966,后来啊，我们分手了，感谢你陪了我一年我很开心，希望以后你要好好的，我爱你王美如
1967,一直很懂事，但却不被珍惜，老人说的对，太讨人喜欢是得不到好结果的
1968,间奏好难
1969,你也在这吧 听着我的遗憾 始终无动于衷
1970,啊，和声是梁静茹呀
1971,小八.
1972,九九！
1973,我真怕以后发现我老公也在这些评论里怀念一个女生…那我会很难过… 虽然我还没有男朋友
1974,我爱你
1975,总是说错过就错过了但真的有那么洒脱吗
1976,以前，我也以为，开始厌倦了就是要结束了。直到最近才知道：当你感觉爱开始变淡的时候，真正的爱才开始浮现。当然，你可以选择放弃掉，然后去寻找又一个新鲜的爱。但代价就是，你永远逃不过新鲜的死循环。
1977,你是不是也在翻着评论，找着你的那个她？别傻了没用的，2019新年快乐。
1978,买了fo冷
1979,后来后来，到头来什么都没了，追悔莫及
1980,成全别人真的很难
1981,"今天翻以前的书，发现在书的首页是你不知何时写下的Why don't you love me ?而你不知道的是，在这本书的最后一页是我写下的：我爱你，可是你不知道
后来，我总算学会了如何去爱，可惜你早已经消失在茫茫人海，后来，终于在眼泪中明白，有些人一旦错过就不再"
1982,头皮发麻
1983,我也不会，有什么大不了
1984,秀儿
1985,后来……没有狗来了
1986,后来你要过的好
1987,互相试探，逐渐袒露心扉，可是互相喜欢不能在一起，据说是人生常态。
1988,唉，听过类似的话
1989,有的歌只有经历过才会真正听懂💔💔💔
1990,小蚂蚁迷路找不到蚁窝，可捉急了，恰好看到它的朋友经过，于是冲过去大喊一声：“哥们儿！你...你都如何回蚁窝？” 那朋友一愣，然后反问道“带...带...带着笑或是很沉默？”
1991,错过了就是错过了 没有那么多为什么
1992,有女朋友的你真讨厌。我都没答应别人，你怎么换了一个又一个女朋友。
1993,后来……就没有后来了
1994,你知道 这一别 就是永别了。
1995,你永远看不到这些 冯先生 祝你安好 我爱过你
1996,我和先生一起刷牙 一起洗澡 一起起床 一起吃饭 一起睡觉 一起在小区下散步 一起看窗外的暴雨 一起去老房子上网 一起躺在床上玩吃鸡 一起拍了好多照 一起住了好多酒店 一起染头发 一起理头发 一起逛街 一起打耳洞 一起蹦迪 一起兜风 一起看电影 一起回家……
1997,11.27的那天晚上，那时已经分手一个多月了，我要走了，我想见你一面，我就在冷风中傻傻的等你，从7点等到晚上12点，你躲着我，不肯见我，甚至删了我，跟我说了最后一句话，各自安好吧。那天好冷啊…好冷好冷……我冻的哆嗦 我太委屈了 太难过了…我等不到你了…所以我放弃了…永远的放弃你了
1998,可爱
1999,加油 ！
